,Medicine_name,Medicine_MRP,Medicine_strip_size,Manufature Company,Medicine_discription
0,Yasmin Tablet,₹545,strip of 21 tablets,Bayer Zydus Pharma Pvt Ltd,Ethinyl Estradiol (0.03mg) + Drospirenone (3mg)
1,Yamini Tablet,₹655.5,strip of 21 tablets,Lupin Ltd,Ethinyl Estradiol (0.03mg) + Drospirenone (3mg)
2,Yees-D Capsule SR,₹117,strip of 10 capsule sr,Alkem Laboratories Ltd,Domperidone (30mg) + Esomeprazole (40mg)
3,YAZ Tablet,₹529,strip of 28 tablets,Bayer Zydus Pharma Pvt Ltd,Ethinyl Estradiol (0.02mg) + Drospirenone (3mg)
4,Yees 40 Tablet,₹146,strip of 15 tablets,Alkem Laboratories Ltd,Esomeprazole (40mg)
5,Yuliprist Tablet,₹1299,strip of 10 tablets,Jagsonpal Pharmaceuticals Ltd,Ulipristal acetate (5mg)
6,Yamini LS Kit,₹375.75,strip of 24 tablets,Lupin Ltd,Ethinyl Estradiol (0.02mg) + Drospirenone (3mg)
7,Yaw Plus 10mg/30mg Tablet,₹302.5,strip of 4 tablets,Corona Remedies Pvt Ltd,Tadalafil (10mg) + Dapoxetine (30mg)
8,Yaw 2.5 Tablet,₹110,strip of 10 tablets,Corona Remedies Pvt Ltd,Tadalafil (2.5mg)
9,Ycyst M Tablet,₹159,strip of 10 tablets,VIVO Life Science,Metformin (500mg) + Alpha Lipoic Acid (200mg)
10,Yuxa 35 Tablet,₹349,strip of 21 tablets,Cheminnova Life Sciences,Cyproterone (2mg) + Ethinyl Estradiol (0.035mg)
11,Yaw 5 Tablet,₹165,strip of 10 tablets,Corona Remedies Pvt Ltd,Tadalafil (5mg)
12,Yaw 10 Tablet,₹220,strip of 10 tablets,Corona Remedies Pvt Ltd,Tadalafil (10mg)
13,Yemetil 25mg Tablet,₹4.5,strip of 10 tablets,La Pharmaceuticals,Chlorpromazine (25mg)
14,Yemetil 50mg Tablet,₹23.65,strip of 10 tablets,Manas Pharmaceuticals Pvt Ltd,Chlorpromazine (50mg)
15,Yashcold Tablet,₹31.45,strip of 10 tablets,Yash Pharma Laboratories Pvt Ltd,Caffeine (15mg) + Chlorpheniramine Maleate (2mg) + Paracetamol (500mg) + Phenylephrine (5mg)
16,Yogatel 40 Tablet,₹98.5,strip of 15 tablets,HiGlance Laboratories,Telmisartan (40mg)
17,Yogamet-GM 2 Tablet ER,₹104.5,strip of 10 tablet er,HiGlance Laboratories,Glimepiride (2mg) + Metformin (500mg)
18,Yogazam 10mg Tablet,₹102.27,strip of 10 tablets,Micro Labs Ltd,Clobazam (10mg)
19,Yees 20mg Tablet,₹62.5,strip of 15 tablets,Alkem Laboratories Ltd,Esomeprazole (20mg)
20,Yogaros 10 Tablet,₹151.5,strip of 15 tablets,HiGlance Laboratories,Rosuvastatin (10mg)
21,Y-Fi Plus Tablet,₹89,strip of 10 tablets,Syndicate Life Sciences Pvt Ltd,Levocetirizine (5mg) + Montelukast (10mg)
22,Yogazam 5mg Tablet,₹52.46,strip of 10 tablets,Micro Labs Ltd,Clobazam (5mg)
23,Yogatel-CH 40 Tablet,₹90,strip of 10 tablets,HiGlance Laboratories,Telmisartan (40mg) + Chlorthalidone (12.5mg)
24,Yuvti Tablet,₹475,strip of 21 tablets,Vhl Pharmaceuticals Private Limited,Ethinyl Estradiol (0.03mg) + Drospirenone (3mg)
25,Yanci  Tablet,₹383,strip of 21 tablets,Mylan Pharmaceuticals Pvt Ltd,Ethinyl Estradiol (0.03mg) + Drospirenone (3mg)
26,Yekin S 50 mg/20 mg Tablet,₹60,strip of 10 tablets,Ramose Laboratories Pvt Ltd,Diclofenac (50mg) + Famotidine (20mg)
27,Yutopar 10mg Tablet,₹114.52,strip of 10 tablets,Alembic Pharmaceuticals Ltd,Ritodrine (10mg)
28,Yogaros Gold 75mg/20mg/75mg Capsule,₹218,strip of 10 capsules,HiGlance Laboratories,Aspirin (75mg) + Rosuvastatin (20mg) + Clopidogrel (75mg)
29,Yogamet-GM 1 Tablet ER,₹71.5,strip of 10 tablet er,HiGlance Laboratories,Glimepiride (1mg) + Metformin (500mg)
30,Y Care 180 Tablet,₹125,strip of 10 tablets,La Med India,Fexofenadine (180mg)
31,Yogamin-M 75 Capsule,₹130,strip of 10 capsules,HiGlance Laboratories,Methylcobalamin (750mcg) + Pregabalin (75mg)
32,Yogatel-AM 40mg/5mg Tablet,₹118.9,strip of 15 tablets,HiGlance Laboratories,Telmisartan (40mg) + Amlodipine (5mg)
33,Yogamet-GMP 2 Tablet,₹83,strip of 10 tablets,HiGlance Laboratories,Glimepiride (2mg) + Metformin (500mg) + Pioglitazone (15mg)
34,Yogaprol 25 Tablet ER,₹36.5,strip of 10 tablet er,HiGlance Laboratories,Metoprolol Succinate (23.75mg)
35,Yocet M 5mg/10mg Tablet,₹117,strip of 10 tablets,Granmed Pharma,Levocetirizine (5mg) + Montelukast (10mg)
36,Y Fi Plus Syrup,₹70,bottle of 60 ml Syrup,Syndicate Life Sciences Pvt Ltd,Levocetirizine (2.5mg/5ml) + Montelukast (4mg/5ml)
37,Yogatel-H 40 Tablet,₹140.25,strip of 15 tablets,HiGlance Laboratories,Telmisartan (40mg) + Hydrochlorothiazide (12.5mg)
38,Yees 40mg Injection,₹154,vial of 1 Injection,Alkem Laboratories Ltd,Esomeprazole (40mg)
39,Yemetil 100mg Tablet,₹22.75,strip of 10 tablets,Manas Pharmaceuticals Pvt Ltd,Chlorpromazine (100mg)
40,Yomfate-O Suspension,₹138,bottle of 100 ml Suspension,Hauz Pharma Pvt Ltd,Sucralfate (1000mg) + Oxetacaine (20mg)
41,Yes Syrup,₹109,bottle of 170 ml Syrup,Benatural Health Care Pvt Ltd,Oxetacaine (10mg) + Aluminium Hydroxide (291mg) + Magnesium (98mg)
42,Ycer-SP Tablet,₹74,strip of 10 tablets,Syndicate Life Sciences Pvt Ltd,Aceclofenac (100mg) + Paracetamol (325mg) + Serratiopeptidase (15mg)
43,Yogaprol 50 Tablet ER,₹59,strip of 10 tablet er,HiGlance Laboratories,Metoprolol Succinate (47.5mg)
44,Yestop D 30mg/40mg Capsule SR,₹89,strip of 10 capsule sr,Biochemix Health Care Pvt. Ltd.,Domperidone (30mg) + Pantoprazole (40mg)
45,Yopon  Syrup,₹85,bottle of 200 ml Syrup,Maxamus Pharma Pvt Ltd,Cyproheptadine (2mg/5ml) + Tricholine Citrate (275mg/5ml) + Sorbitol (2gm/5ml)
46,Yogamet-GM 1 Forte Tablet,₹123.5,strip of 15 tablets,HiGlance Laboratories,Glimepiride (1mg) + Metformin (1000mg)
47,Yormet V 2mg/500mg/0.2mg Tablet,₹135,strip of 10 tablets,Atyad Life Sciences Pvt Ltd,Glimepiride (2mg) + Metformin (500mg) + Voglibose (0.2mg)
48,Y Coxib MR 60mg/4mg Tablet,₹190,strip of 10 tablets,Man Serve Pharma,Etoricoxib (60mg) + Thiocolchicoside (4mg)
49,Yogaros 20 Tablet,₹345,strip of 15 tablets,HiGlance Laboratories,Rosuvastatin (20mg)
50,Yogamet-Trio 2 Tablet SR,₹169.4,strip of 10 tablet sr,HiGlance Laboratories,Glimepiride (2mg) + Metformin (500mg) + Voglibose (0.2mg)
51,Yuvimont LC 5mg/10mg Tablet,₹100,strip of 10 tablets,Yuventis Pharmaceuticals,Levocetirizine (5mg) + Montelukast (10mg)
52,Yetbrox Syrup,₹62,bottle of 100 ml Syrup,Vibcare Pharma Pvt Ltd,Ambroxol (15mg) + Guaifenesin (50mg) + Menthol (1mg) + Terbutaline (1.25mg)
53,Yescort 6mg Tablet,₹87.3,strip of 10 tablets,Biochemix Health Care Pvt. Ltd.,Deflazacort (6mg)
54,Yes 250mg Tablet,₹48.88,strip of 10 tablets,Caldern Pharmaceuticals Ltd,Ethamsylate (250mg)
55,Yesglim Trio 2mg/500mg/0.3mg Tablet,₹104,strip of 10 tablets,Caddiline Exim Pvt Ltd,Glimepiride (2mg) + Metformin (500mg) + Voglibose (0.3mg)
56,Yogatel-AH 40 Tablet,₹99,strip of 10 tablets,HiGlance Laboratories,Telmisartan (40mg) + Amlodipine (5mg) + Hydrochlorothiazide (12.5mg)
57,Ycepo 200mg Tablet,₹165,strip of 10 tablets,Shine Pharmaceuticals Ltd,Cefpodoxime Proxetil (200mg)
58,Yavir Eye Ointment,₹38,tube of 5 gm Eye Ointment,Yash Pharma Laboratories Pvt Ltd,Acyclovir (3% w/w)
59,Yetomox 500mg/125mg Tablet,₹113,strip of 6 tablets,Vibcare Pharma Pvt Ltd,Amoxycillin  (500mg) +  Clavulanic Acid (125mg)
60,Ydro 200mg Tablet,₹62.5,strip of 10 tablets,Arvincare Pharma,Hydroxychloroquine (200mg)
61,Yom MPS Syrup,₹43,bottle of 170 ml Syrup,Hauz Pharma Pvt Ltd,Magaldrate (400mg) + Simethicone (20mg)
62,Yogamet-GM 2 Forte Tablet,₹165,strip of 15 tablets,HiGlance Laboratories,Glimepiride (2mg) + Metformin (1000mg)
63,Yakrit 300 Tablet,₹311,strip of 10 tablets,Primus Remedies Pvt Ltd,Ursodeoxycholic Acid (300mg)
64,Yesflu 10mg Tablet,₹45,strip of 10 tablets,Realmed Pharma,Flunarizine (10mg)
65,Yugclave 625 Tablet,₹113.3,strip of 6 tablets,Yug Pharmaceuticals,Amoxycillin  (500mg) +  Clavulanic Acid (125mg)
66,Yesmox CL 500mg/125mg Tablet,₹125,strip of 10 tablets,Biochemix Health Care Pvt. Ltd.,Amoxycillin  (500mg) +  Clavulanic Acid (125mg)
67,Yondelis Injection,₹133300,vial of 1 Injection,Janssen Pharmaceuticals,Trabectedin (1mg)
68,Yuviclav 500mg/125mg Tablet,₹85.96,strip of 6 tablets,Yuventis Pharmaceuticals,Amoxycillin  (500mg) +  Clavulanic Acid (125mg)
69,Yzin 25 Tablet,₹37,strip of 10 tablets,Superlative Healthcare,Hydroxyzine (25mg)
70,Yogatel 20 Tablet,₹48.75,strip of 15 tablets,HiGlance Laboratories,Telmisartan (20mg)
71,Yellowpam 10 Tablet,₹90.9,strip of 10 tablets,KC Laboratories,Escitalopram Oxalate (10mg)
72,Ypan DSR Capsule,₹75,strip of 10 capsule sr,PHC Healthcare Pvt Ltd,Domperidone (30mg) + Pantoprazole (20mg)
73,Y Glipt M 500mg/20mg Tablet ER,₹77,strip of 10 tablet er,VHVL Inc,Metformin (500mg) + Teneligliptin (20mg)
74,Yekin 50 mg/20 mg Tablet,₹15,strip of 10 tablets,Ramose Laboratories Pvt Ltd,Diclofenac (50mg) + Famotidine (20mg)
75,Yogamet-Trio 1 Tablet SR,₹137.5,strip of 10 tablet sr,HiGlance Laboratories,Glimepiride (1mg) + Metformin (500mg) + Voglibose (0.2mg)
76,Yab L 75mg/20mg Capsule,₹199,strip of 10 capsules,Yami Pharma,Levosulpiride (75mg) + Rabeprazole (20mg)
77,Yester LZ 2.5mg Tablet,₹799,strip of 5 tablets,Lancer Pharmaceuticals Pvt Ltd,Letrozole (2.5mg)
78,Yacca-Lyte Syrup,₹46,bottle of 100 ml Syrup,Genesis Remedies Pvt Ltd,Bromhexine (4mg) + Guaifenesin (50mg) + Menthol (2.5mg) + Terbutaline (1.25mg)
79,Y-Fi Total Tablet,₹59,strip of 10 tablets,Syndicate Life Sciences Pvt Ltd,Levocetirizine (5mg) + Ambroxol (60mg) + Paracetamol (325mg) + Phenylephrine (10mg) + Caffeine (30mg)
80,Y-Clast Infusion,₹3333,bottle of 100 ml Infusion,Medsol India Overseas Pvt Ltd,Zoledronic acid (5mg/100ml)
81,Yash ZI 100mg/5ml Syrup,₹24,bottle of 15 ml Syrup,Yash Pharma Laboratories Pvt Ltd,Azithromycin (100mg/5ml)
82,Yalithim 400mg Tablet XR,₹59,strip of 10 tablet xr,La Pharmaceuticals,Lithium carbonate (400mg)
83,Yacca Place 5 mg/2 mg/10 mg Tablet,₹38,strip of 10 tablets,Genesis Biotech Inc,Phenylephrine (5mg) + Chlorpheniramine Maleate (2mg) + Dextromethorphan Hydrobromide (10mg)
84,Yavisc Ophthalmic Solution,₹60.56,bottle of 2 ml Ophthalmic Solution,Yash Pharma Laboratories Pvt Ltd,Hydroxypropylmethylcellulose (2% w/v)
85,Y Coxib 120mg Tablet,₹125,strip of 10 tablets,Man Serve Pharma,Etoricoxib (120mg)
86,Yopreg Tablet,₹38,strip of 10 tablets,Davis Morgan Labs,Doxylamine (20mg) + Vitamin B6 (Pyridoxine) (20mg) + Folic Acid (5mg)
87,Yogaros 5 Tablet,₹93,strip of 15 tablets,HiGlance Laboratories,Rosuvastatin (5mg)
88,Yenti MK 5mg/10mg Tablet,₹102,strip of 10 tablets,Yew Biotech,Levocetirizine (5mg) + Montelukast (10mg)
89,Ycepo CV 200mg/125mg Tablet,₹185,strip of 10 tablets,Shine Pharmaceuticals Ltd,Cefpodoxime Proxetil (200mg) + Clavulanic Acid (125mg)
90,Yelcef 200mg Tablet,₹210,strip of 10 tablets,Acinom Healthcare,Cefpodoxime Proxetil (200mg)
91,Yesfexo 120 Tablet,₹95,strip of 10 tablets,Demax Biotech Pvt Ltd,Fexofenadine (120mg)
92,Yuvidox 200 Tablet,₹120,strip of 10 tablets,Yuventis Pharmaceuticals,Cefpodoxime Proxetil (200mg)
93,Yoriclav 500mg/125mg Tablet,₹109.5,strip of 6 tablets,Roseate Medicare,Amoxycillin  (500mg) +  Clavulanic Acid (125mg)
94,Yuvicyp T Syrup,₹91,bottle of 200 ml Syrup,Yuventis Pharmaceuticals,Cyproheptadine (2mg) + Tricholine Citrate (275mg)
95,Yuvigra 100 Tablet,₹105,strip of 4 tablets,Univentis Medicare Ltd,Sildenafil (100mg)
96,Yash ZI 500mg Tablet,₹64.6,strip of 3 tablets,Yash Pharma Laboratories Pvt Ltd,Azithromycin (500mg)
97,Yoclav 500mg/125mg Tablet,₹224.6,strip of 10 tablets,Pax Healthcare,Amoxycillin  (500mg) +  Clavulanic Acid (125mg)
98,Yesgalin NT 75mg/10mg Tablet,₹202,strip of 10 tablets,Walnut Lifesciences,Pregabalin (75mg) + Nortriptyline (10mg)
99,Yapat 0.1% Eye Drop,₹104.5,bottle of 5 ml Eye Drop,Realmed Pharma,Olopatadine (0.1% w/v)
100,Yerab D 30mg/20mg Capsule SR,₹89,strip of 10 capsule sr,Yew Biotech,Domperidone (30mg) + Rabeprazole (20mg)
101,Yes 500mg Tablet,₹82.16,strip of 10 tablets,Caldern Pharmaceuticals Ltd,Ethamsylate (500mg)
102,Yama Safe D Tablet,₹180,strip of 10 tablets,Medok Life Sciences Pvt Ltd,Trypsin (48mg) + Bromelain (90mg) + Rutoside (100mg) + Diclofenac (50mg)
103,Yoyo 500mg Tablet,₹12.5,strip of 10 tablets,Slaney Healthcare,Paracetamol (500mg)
104,Y Flu Syrup,₹49,bottle of 60 ml Syrup,Yodley Life Sciences Private Limited,Chlorpheniramine Maleate (1mg/5ml) + Paracetamol (125mg/5ml) + Phenylephrine (2.5mg/5ml)
105,Yuvicef 200 Tablet,₹115,strip of 10 tablets,Yuventis Pharmaceuticals,Cefixime (200mg)
106,Ykuf DM Syrup,₹75,bottle of 100 ml Syrup,Yodley Life Sciences Private Limited,Phenylephrine (5mg/5ml) + Chlorpheniramine Maleate (2mg/5ml) + Dextromethorphan Hydrobromide (10mg/5ml)
107,Yespod OX 200mg/200mg Tablet,₹250,strip of 10 tablets,NovaMed Pharmaceuticals Pvt Ltd,Cefpodoxime Proxetil (200mg) + Ofloxacin (200mg)
108,Yaxoflex 60mg/4mg Tablet,₹95,strip of 10 tablets,Yaxon BioCare Pvt Ltd,Etoricoxib (60mg) + Thiocolchicoside (4mg)
109,Yogamet-GMP 1 Tablet ER,₹72,strip of 10 tablet er,HiGlance Laboratories,Glimepiride (1mg) + Metformin (500mg) + Pioglitazone (15mg)
110,Ycepo 100mg Oral Suspension,₹120,bottle of 30 ml Oral Suspension,Shine Pharmaceuticals Ltd,Cefpodoxime Proxetil (100mg)
111,Yeclo SP 100mg/325mg/15mg Tablet,₹64,strip of 10 tablets,Yew Biotech,Aceclofenac (100mg) + Paracetamol (325mg) + Serratiopeptidase (15mg)
112,Yes P 50mg Tablet,₹59,strip of 10 tablets,Tuttsan Pharma Pvt Ltd,Clomiphene (50mg)
113,Yestop 40mg Injection,₹59,vial of 1 Injection,Biochemix Health Care Pvt. Ltd.,Pantoprazole (40mg)
114,Yorab LS 75mg/20mg Capsule,₹165,strip of 10 capsules,Ani Healthcare Pvt Ltd,Levosulpiride (75mg) + Rabeprazole (20mg)
115,Yofix 200mg Tablet,₹115.45,strip of 10 tablets,Mathis Pharma,Cefixime (200mg)
116,Ypodox CV 325 Tablet,₹325,strip of 10 tablets,Astracure Lifesciences Pvt Ltd,Cefpodoxime Proxetil (200mg) + Clavulanic Acid (125mg)
117,Yaxocet 10mg Tablet,₹21,strip of 10 tablets,Yaxon BioCare Pvt Ltd,Cetirizine (10mg)
118,Yogatel 80 Tablet,₹149.5,strip of 15 tablets,HiGlance Laboratories,Telmisartan (80mg)
119,Yeclo P 100mg/500mg Tablet,₹37,strip of 10 tablets,Yew Biotech,Aceclofenac (100mg) + Paracetamol (500mg)
120,Yourab 20mg Tablet,₹90,strip of 10 tablets,Uvtech Biosciences Private Limited,Rabeprazole (20mg)
121,Yogaros 40 Tablet,₹450,strip of 15 tablets,HiGlance Laboratories,Rosuvastatin (40mg)
122,Ymetlo Nasal Drops,₹32,bottle of 10 ml Nasal Drops,Sanify Healthcare Pvt  Ltd,Oxymetazoline (0.1% w/v)
123,Yutopar 50mg Injection,₹100,vial of 5 ml Injection,Alembic Pharmaceuticals Ltd,Ritodrine (50mg)
124,Ycer-TH Tablet,₹179,strip of 10 tablets,Syndicate Life Sciences Pvt Ltd,Thiocolchicoside (4mg) + Aceclofenac (100mg) + Paracetamol (325mg)
125,Yogaprol-AM 50 Tablet,₹90,strip of 10 tablets,HiGlance Laboratories,Amlodipine (5mg) + Metoprolol Succinate (50mg)
126,Yotel 40mg Tablet,₹69,strip of 10 tablets,Biopolis Life Sciences Pvt Ltd,Telmisartan (40mg)
127,Yespram 10mg Tablet,₹60,strip of 10 tablets,Krish Care Remedys Pvt ltd,Escitalopram Oxalate (10mg)
128,Yom D 10mg/20mg Capsule,₹90,strip of 15 capsules,Hauz Pharma Pvt Ltd,Domperidone (10mg) + Omeprazole (20mg)
129,Y Fi 5mg Tablet,₹35,strip of 10 tablets,Syndicate Life Sciences Pvt Ltd,Levocetirizine (5mg)
130,Yogatel-CH 80 Tablet,₹135,strip of 10 tablets,HiGlance Laboratories,Telmisartan (80mg) + Chlorthalidone (12.5mg)
131,Yevoclav 625mg Tablet,₹210,strip of 10 tablets,Glacia Life Care,Amoxycillin  (500mg) +  Clavulanic Acid (125mg)
132,Yamcof LS Syrup,₹90,bottle of 100 ml Syrup,Avayama Pharmacare Pvt Ltd,Levosalbutamol (1mg/5ml) + Ambroxol (30mg/5ml) + Guaifenesin (50mg/5ml)
133,Y Ral Syrup,₹28,bottle of 50 ml Syrup,Unicure India Pvt Ltd,Paracetamol (NA) + Chlorpheniramine Maleate (NA) + Dextromethorphan Hydrobromide (NA)
134,Yomfate Syrup,₹69,bottle of 100 ml Syrup,Hauz Pharma Pvt Ltd,Sucralfate (500mg/5ml)
135,Yukacin-O Tablet,₹78,strip of 10 tablets,Avyukt Pharmaceuticals,Ofloxacin (200mg) + Ornidazole (500mg)
136,Y Coxib P 60mg/325mg Tablet,₹90,strip of 10 tablets,Man Serve Pharma,Etoricoxib (60mg) + Paracetamol (325mg)
137,Yocoflex 50mg Capsule,₹95,strip of 10 capsules,Smayan Healthcare Pvt Ltd,Diacerein (50mg)
138,Yuvagra 50mg Tablet,₹60,strip of 4 tablets,Boffin Biotech Pvt Ltd,Sildenafil (50mg)
139,Y Doxime O 200mg/200mg Tablet,₹250,strip of 10 tablets,Man Serve Pharma,Cefpodoxime Proxetil (200mg) + Ofloxacin (200mg)
140,Yana P 100mg/500mg Tablet,₹27.97,strip of 10 tablets,Sentonssa Wellness Pvt Ltd,Nimesulide (100mg) + Paracetamol (500mg)
141,Yourxim 500mg Tablet,₹330,strip of 6 tablets,Atyad Life Sciences Pvt Ltd,Cefuroxime (500mg)
142,Ymet G 1mg/500mg Tablet,₹46,strip of 10 tablets,Amazone Pharmaceuticals Pvt Ltd,Glimepiride (1mg) + Metformin (500mg)
143,Yama SP 50mg/325mg/15mg Tablet,₹78,strip of 10 tablets,Medok Life Sciences Pvt Ltd,Diclofenac (50mg) + Paracetamol (325mg) + Serratiopeptidase (15mg)
144,Yoflin-AX 400mg/30mg Tablet,₹100,strip of 10 tablets,Pax Healthcare,Doxofylline (400mg) + Ambroxol (30mg)
145,Yemetil 200mg Tablet,₹31.51,strip of 10 tablets,La Pharmaceuticals,Chlorpromazine (200mg)
146,Yuviclav 500mg/125mg Tablet,₹185,strip of 10 tablets,Yuventis Pharmaceuticals,Amoxycillin  (500mg) +  Clavulanic Acid (125mg)
147,Yapat KT Eye Drop,₹126.7,bottle of 5 ml Eye Drop,Realmed Pharma,Ketorolac (0.4% w/v) + Olopatadine (0.1% w/v)
148,Y-Doxime 200 Tablet,₹220,strip of 10 tablets,Man Serve Pharma,Cefpodoxime Proxetil (200mg)
149,Y Fi 10mg Tablet,₹67,strip of 10 tablets,Syndicate Life Sciences Pvt Ltd,Levocetirizine (10mg)
150,Yesoppi L 75mg/40mg Capsule,₹149,strip of 10 capsules,Glory Heathcare Pvt Ltd,Levosulpiride (75mg) + Esomeprazole (40mg)
151,Yom 20mg Capsule,₹40.9,strip of 10 capsules,Hauz Pharma Pvt Ltd,Omeprazole (20mg)
152,Yestic 3.1g Injection,₹885.65,vial of 1 Injection,H  I Critical Care,Ticarcillin (3000mg) + Clavulanic Acid (100mg)
153,Yrab 20mg Tablet,₹25,strip of 10 tablets,VHVL Inc,Rabeprazole (20mg)
154,Yogabos 0.3 Tablet,₹127.5,strip of 15 tablets,HiGlance Laboratories,Voglibose (0.3mg)
155,Ymet G 2mg/500mg Tablet,₹69,strip of 10 tablets,Amazone Pharmaceuticals Pvt Ltd,Glimepiride (2mg) + Metformin (500mg)
156,Yenocort Tablet,₹85,strip of 10 tablets,Omni Orthotechnics Pvt Ltd,Deflazacort (6mg)
157,Yzin 10 Tablet,₹22,strip of 10 tablets,Superlative Healthcare,Hydroxyzine (10mg)
158,Yaka 500mg Tablet,₹70,strip of 3 tablets,Starzol Pharma,Azithromycin (500mg)
159,Yrab-D 30mg/20mg Capsule SR,₹45,strip of 10 capsule sr,VHVL Inc,Domperidone (30mg) + Rabeprazole (20mg)
160,Yozith 500mg Tablet,₹83.4,strip of 3 tablets,Triton Healthcare Pvt Ltd,Azithromycin (500mg)
161,Yugmoxy 500 Capsule,₹58.1,strip of 10 capsules,Yug Pharmaceuticals,Amoxycillin (500mg)
162,Yumox BR 500mg/8mg Capsule,₹65,strip of 10 capsules,Lanark Laboratories Pvt Ltd,Amoxycillin (500mg) + Bromhexine (8mg)
163,Yax CV 500mg/125mg Tablet,₹109,strip of 6 tablets,Sara Remedies,Amoxycillin  (500mg) +  Clavulanic Acid (125mg)
164,Yofix O 200mg/200mg Tablet,₹144.5,strip of 10 tablets,Mathis Pharma,Cefixime (200mg) + Ofloxacin (200mg)
165,Yuvicef-O Tablet,₹180,strip of 10 tablets,Yuventis Pharmaceuticals,Cefixime (200mg) + Ofloxacin (200mg)
166,Yesglyz G Forte 2mg/1000mg Tablet,₹90,strip of 10 tablets,Mediquest Inc.,Glimepiride (2mg) + Metformin (1000mg)
167,Yuval 200mg Tablet,₹220,strip of 10 tablets,Syska Healthcare,Cefpodoxime Proxetil (200mg)
168,Y Coxib 90mg Tablet,₹99,strip of 10 tablets,Man Serve Pharma,Etoricoxib (90mg)
169,Yoyo 650mg Tablet,₹17.5,strip of 10 tablets,Slaney Healthcare,Paracetamol (650mg)
170,Yearcet Tablet,₹23,strip of 10 tablets,Superlative Healthcare,Cetirizine (10mg)
171,Yesbat 10mg Tablet,₹42.5,strip of 10 tablets,Biochemix Health Care Pvt. Ltd.,Ebastine (10mg)
172,Yocam 20mg Tablet,₹60,strip of 10 tablets,Mediyork Pharma Pvt Ltd,Piroxicam (20mg)
173,Yupan D 30mg/40mg Capsule SR,₹70,strip of 10 capsule sr,Yugen Pharmaceuticals,Domperidone (30mg) + Pantoprazole (40mg)
174,Yeclo MR 100mg/325mg/250mg Tablet,₹70,strip of 10 tablets,Yew Biotech,Aceclofenac (100mg) + Paracetamol (325mg) + Chlorzoxazone (250mg)
175,Yesnec-SP Tablet,₹112,strip of 10 tablets,Dostar Pharmaceuticals,Aceclofenac (100mg) + Paracetamol (325mg) + Serratiopeptidase (15mg)
176,Yenta 100mg Tablet,₹299.9,strip of 10 tablets,Fawn Incorporation,Tapentadol (100mg)
177,Yesbat 20mg Tablet,₹64.8,strip of 10 tablets,Biochemix Health Care Pvt. Ltd.,Ebastine (20mg)
178,Yukacin 200 Tablet,₹47,strip of 10 tablets,Avyukt Pharmaceuticals,Ofloxacin (200mg)
179,Yamika 100mg Injection,₹20,vial of 1 Injection,Amray Healthcare,Amikacin (100mg)
180,Yesflox 0.3% Eye Drop,₹48.7,bottle of 5 ml Eye Drop,Realmed Pharma,Gatifloxacin (0.3% w/v)
181,Yorab 20mg Tablet,₹60,strip of 10 tablets,Ani Healthcare Pvt Ltd,Rabeprazole (20mg)
182,Yodilite-L Plus 80mg/480mg Tablet,₹160,strip of 6 tablets,Ascent Therapeuticals,Artemether (80mg) + Lumefantrine (480mg)
183,Yash ZI 250mg Tablet,₹64.64,strip of 6 tablets,Yash Pharma Laboratories Pvt Ltd,Azithromycin (250mg)
184,Yogatel-H 80 Tablet,₹214.5,strip of 15 tablets,HiGlance Laboratories,Telmisartan (80mg) + Hydrochlorothiazide (12.5mg)
185,Yaccalyte Syrup,₹43.81,bottle of 100 ml Syrup,Genesis Biotech Inc,Guaifenesin (50mg) + Terbutaline (1.25mg) + Bromhexine (4mg)
186,Yuvagra 25mg Tablet,₹79,strip of 4 tablets,Boffin Biotech Pvt Ltd,Sildenafil (25mg)
187,Yerab 20mg Tablet,₹51,strip of 10 tablets,Yew Biotech,Rabeprazole (20mg)
188,Y-Doxime-CV Tablet,₹265.4,strip of 10 tablets,Man Serve Pharma,Cefpodoxime Proxetil (200mg) + Clavulanic Acid (125mg)
189,Yuvimont-FX Chewable Tablet,₹105,strip of 10 Chewable Tablets,Yuventis Pharmaceuticals,Montelukast (10mg) + Fexofenadine (120mg)
190,Yourcef S 500mg/500mg Injection,₹165,vial of 1 Injection,Atyad Life Sciences Pvt Ltd,Cefoperazone (500mg) + Sulbactam (500mg)
191,Yetomox CV 375 Tablet,₹90,strip of 6 tablets,Vibcare Pharma Pvt Ltd,Amoxycillin  (250mg) +  Clavulanic Acid (125mg)
192,Yezdi SP 50mg/325mg/15mg Tablet,₹61,strip of 10 tablets,Evantis Lifesciences Private Limited,Diclofenac (50mg) + Paracetamol (325mg) + Serratiopeptidase (15mg)
193,Yetmol Oral Suspension,₹37,bottle of 60 ml Oral Suspension,Vibcare Pharma Pvt Ltd,Chlorpheniramine Maleate (1mg) + Paracetamol (125mg) + Phenylephrine (5mg)
194,Yugprol AM 50 Tablet,₹99.5,strip of 10 tablets,Yug Pharmaceuticals,Amlodipine (5mg) + Metoprolol Succinate (50mg)
195,Y Glim M 2mg/500mg Tablet SR,₹35,strip of 10 tablet sr,VHVL Inc,Glimepiride (2mg) + Metformin (500mg)
196,Yline 100mg Tablet,₹48,strip of 10 tablets,Hallmark Formulations Pharmaceuticals,Sertraline (100mg)
197,Yourab D 30mg/20mg Capsule SR,₹97.5,strip of 10 capsule sr,Uvtech Biosciences Private Limited,Domperidone (30mg) + Rabeprazole (20mg)
198,Yama S 50mg/15mg Tablet,₹55,strip of 10 tablets,Medok Life Sciences Pvt Ltd,Diclofenac (50mg) + Serratiopeptidase (15mg)
199,Yocet 5mg Tablet,₹24,strip of 10 tablets,Granmed Pharma,Levocetirizine (5mg)
200,Yulid 300 Capsule,₹246,strip of 10 capsules,Apcon Remedies,Clindamycin (300mg)
201,Yoriclav Dry Syrup,₹57.45,bottle of 30 ml Dry Syrup,Roseate Medicare,Amoxycillin  (200mg) +  Clavulanic Acid (28.5mg)
202,Ycer-P Tablet,₹38.56,strip of 10 tablets,Syndicate Life Sciences Pvt Ltd,Aceclofenac (100mg) + Paracetamol (325mg)
203,Yazi 500mg Tablet,₹67,strip of 3 tablets,Yew Biotech,Azithromycin (500mg)
204,Yexitil 500mg Tablet,₹320,strip of 6 tablets,Bioshine Healthcare Pvt Ltd,Cefuroxime (500mg)
205,Yekin Gel,₹65,tube of 30 gm Gel,Ramose Laboratories Pvt Ltd,Diclofenac (NA)
206,Yanic 500mg Tablet,₹61.5,strip of 3 tablets,Ascent Therapeuticals,Azithromycin (500mg)
207,Yepred 4mg Tablet,₹49,strip of 10 tablets,Yew Biotech,Methylprednisolone (4mg)
208,Yofix 50mg Tablet DT,₹55.4,strip of 10 tablet dt,Mathis Pharma,Cefixime (50mg)
209,Yamiclav LB 500mg/125mg Tablet,₹230,strip of 10 tablets,Yami Pharma,Amoxycillin (500mg) + Clavulanic Acid (125mg) + Lactobacillus (60Million spores)
210,Yivan-SP Tablet,₹69,strip of 10 tablets,Cospex Pharmaceuticals Pvt Ltd,Aceclofenac (100mg) + Paracetamol (325mg) + Serratiopeptidase (15mg)
211,Yuvidox-CV Tablet,₹128.9,strip of 6 tablets,Yuventis Pharmaceuticals,Cefpodoxime Proxetil (200mg) + Clavulanic Acid (125mg)
212,Yescef 500mg Capsule,₹125,strip of 10 capsules,Biochemix Health Care Pvt. Ltd.,Cefalexin (500mg)
213,Yeom 20mg Capsule,₹32,strip of 10 capsules,Yew Biotech,Omeprazole (20mg)
214,Yescam 10mg Tablet,₹80,strip of 10 tablets,Exelife Biotech Pvt Ltd,Escitalopram Oxalate (10mg)
215,Yezdi T 50mg/325mg Tablet,₹141,strip of 10 tablets,Evantis Lifesciences Private Limited,Diclofenac (50mg) + Paracetamol (325mg) + Trypsin Chymotrypsin (50000AU)
216,Yuvakast Tablet,₹105,strip of 10 tablets,Novostar Pharmaceutical Pvt Ltd,Levocetirizine (5mg) + Montelukast (10mg)
217,Yevozen LB 200mg Tablet,₹165,strip of 10 tablets,Glacia Life Care,Cefixime (200mg) + Lactobacillus (2.5Million spores)
218,Yenti 5mg Tablet,₹33,strip of 10 tablets,Yew Biotech,Levocetirizine (5mg)
219,Yocef 200mg Tablet,₹151.1,strip of 10 tablets,Triton Healthcare Pvt Ltd,Ofloxacin (200mg)
220,Yoxy DS Dry Syrup,₹126,bottle of 30 ml Dry Syrup,Swakam Biotech Private Limited,Amoxycillin  (400mg/5ml) +  Clavulanic Acid (57mg/5ml)
221,Yosin BRD Tablet,₹145,strip of 10 tablets,Morstella Biotech,Trypsin (48mg) + Bromelain (90mg) + Rutoside (100mg) + Diclofenac (50mg)
222,Yescam Plus 0.5mg/10mg Tablet,₹99,strip of 10 tablets,Exelife Biotech Pvt Ltd,Clonazepam (0.5mg) + Escitalopram Oxalate (10mg)
223,Yitolinz Tablet,₹347,strip of 10 tablets,Omni Orthotechnics Pvt Ltd,Linezolid (600mg)
224,Yashdon-DSR Capsule,₹88,strip of 10 capsule pr,Glue Biotech,Domperidone (30mg) + Pantoprazole (40mg)
225,Yuvagra 100mg Tablet,₹114,strip of 4 tablets,Boffin Biotech Pvt Ltd,Sildenafil (100mg)
226,Yoxy Dry Syrup,₹55,bottle of 30 ml Dry Syrup,Swakam Biotech Private Limited,Amoxycillin  (200mg/5ml) +  Clavulanic Acid (28.5mg/5ml)
227,Yelcef-Clav 200mg/125mg Tablet,₹270,strip of 10 tablets,Acinom Healthcare,Cefpodoxime Proxetil (200mg) + Clavulanic Acid (125mg)
228,Ykuf AM Syrup,₹70,bottle of 100 ml Syrup,Yodley Life Sciences Private Limited,Ambroxol (15mg) + Guaifenesin (50mg) + Menthol (1mg) + Terbutaline (1.25mg)
229,Yax CV Dry Syrup,₹52.9,bottle of 30 ml Dry Syrup,Sara Remedies,Amoxycillin  (200mg) +  Clavulanic Acid (28.5mg)
230,Yekin 75mg Injection,₹14,vial of 3 ml Injection,Ramose Laboratories Pvt Ltd,Diclofenac (75mg)
231,Yflox 200mg Tablet,₹55,strip of 10 tablets,Yaxon BioCare Pvt Ltd,Ofloxacin (200mg)
232,Yetro 60mg Tablet,₹74,strip of 10 tablets,Yew Biotech,Etoricoxib (60mg)
233,Yeale 100mg Tablet,₹24,strip of 10 tablets,Yew Lifesciences,Aceclofenac (100mg)
234,Ylocold Tablet,₹45,strip of 10 tablets,Barlis Lifesciences Pvt Ltd,Caffeine (30mg) + Diphenhydramine (25mg) + Paracetamol (325mg) + Phenylephrine (5mg)
235,Yoxafine Ointment,₹70,tube of 15 gm Ointment,Barlis Lifesciences Pvt Ltd,Terbinafine (1% w/w) + Clobetasol (0.05% w/w) + Ofloxacin (0.75% w/w) + Ornidazole (2% w/w)
236,Y Doxime 100mg Tablet,₹120,strip of 10 tablets,Man Serve Pharma,Cefpodoxime Proxetil (100mg)
237,Yiloxime 200mg Tablet,₹138,strip of 10 tablets,Barlis Lifesciences Pvt Ltd,Cefixime (200mg)
238,Ylorab D 30mg/20mg Capsule SR,₹75,strip of 10 capsule sr,Barlis Lifesciences Pvt Ltd,Domperidone (30mg) + Rabeprazole (20mg)
239,Yuvidox 50mg Dry Syrup,₹68,bottle of 30 ml Dry Syrup,Yuventis Pharmaceuticals,Cefpodoxime Proxetil (50mg)
240,Yorkmide 10mg Tablet,₹92,strip of 15 tablets,Addii Biotech Pvt Ltd,Torasemide (10mg)
241,Yulid 600 Injection,₹265,ampoule of 4 ml Injection,Apcon Remedies,Clindamycin (600mg)
242,Yline 50mg Tablet,₹36.2,strip of 10 tablets,Hallmark Formulations Pharmaceuticals,Sertraline (50mg)
243,Yestilo 25mg Tablet,₹37,strip of 10 tablets,Neuracle Lifesciences Pvt Ltd,Hydroxyzine (25mg)
244,Yumox 500mg Capsule,₹60,strip of 10 capsules,Lanark Laboratories Pvt Ltd,Amoxycillin (500mg)
245,Yuvikuff DX Syrup,₹54,bottle of 60 ml Syrup,Vindcare Lifesciences,Phenylephrine (5mg/5ml) + Chlorpheniramine Maleate (2mg/5ml) + Dextromethorphan Hydrobromide (10mg/5ml)
246,Yaniline 600mg Tablet,₹299,strip of 4 tablets,Smayan Healthcare Pvt Ltd,Linezolid (600mg)
247,Yourglu DM 50mg/750mg/250mg Tablet,₹199,strip of 10 tablets,Atyad Life Sciences Pvt Ltd,Diacerein (50mg) + Glucosamine Sulfate Potassium Chloride (750mg) + Methyl Sulfonyl Methane (250mg)
248,Yotel H 40mg/12.5mg Tablet,₹84,strip of 10 tablets,Biopolis Life Sciences Pvt Ltd,Telmisartan (40mg) + Hydrochlorothiazide (12.5mg)
249,Yaxocort 6mg Tablet,₹80,strip of 10 tablets,Yaxon BioCare Pvt Ltd,Deflazacort (6mg)
250,Yanicold Oral Drops,₹38,bottle of 15 ml Oral Drops,Smayan Healthcare Pvt Ltd,Chlorpheniramine Maleate (1mg) + Paracetamol (125mg) + Phenylephrine (2.5mg)
251,Yourclox 500mg Capsule,₹60,strip of 10 capsules,Atyad Life Sciences Pvt Ltd,Amoxycillin (500mg)
252,Yline 25mg Tablet,₹22,strip of 10 tablets,Hallmark Formulations Pharmaceuticals,Sertraline (25mg)
253,Yonril LS Syrup,₹71,bottle of 100 ml Syrup,Abyon Pharmaceuticals,Levosalbutamol (1mg/5ml) + Ambroxol (30mg/5ml) + Guaifenesin (50mg/5ml)
254,Yamclox LB Capsule,₹61,strip of 10 capsules,Sarthak Biotech Pvt Ltd,Amoxycillin (250mg) + Cloxacillin (250mg) + Lactobacillus (90Million spores)
255,Ycepo 200mg Dry Syrup,₹62,bottle of 30 ml Dry Syrup,Shine Pharmaceuticals Ltd,Cefpodoxime Proxetil (200mg)
256,Yestilo 10mg Tablet,₹19,strip of 10 tablets,Neuracle Lifesciences Pvt Ltd,Hydroxyzine (10mg)
257,Y Doxime 50mg Dry Syrup,₹70,bottle of 30 ml Dry Syrup,Man Serve Pharma,Cefpodoxime Proxetil (50mg)
258,Yourclox 1000mg/200mg Injection,₹135,vial of 1 Injection,Atyad Life Sciences Pvt Ltd,Amoxycillin  (1000mg) +  Clavulanic Acid (200mg)
259,Ydro 400mg Tablet,₹160,strip of 10 tablets,Arvincare Pharma,Hydroxychloroquine (400mg)
260,Yuvicef 50mg Dry Syrup,₹58,bottle of 30 ml Dry Syrup,Yuventis Pharmaceuticals,Cefixime (50mg)
261,Yozid 1000mg Injection,₹275,vial of 1 Injection,Alwin Wilcare Pharmaceuticals,Ceftazidime (1000mg)
262,Yorcet 5mg Tablet,₹49,strip of 10 tablets,Biofield Pharma,Levocetirizine (5mg)
263,Yilomont 5mg/10mg Tablet,₹82,strip of 10 tablets,Barlis Lifesciences Pvt Ltd,Levocetirizine (5mg) + Montelukast (10mg)
264,Yamnac-P Tablet,₹42,strip of 10 tablets,Reqwell Pharma,Aceclofenac (100mg) + Paracetamol (325mg)
265,Yanic 250mg Tablet,₹61.5,strip of 6 tablets,Ascent Therapeuticals,Azithromycin (250mg)
266,Yohit 200 Capsule,₹130,strip of 4 capsules,Granmed Pharma,Itraconazole (200mg)
267,Yuviflox-OZ Tablet,₹77,strip of 10 tablets,Yuventis Pharmaceuticals,Ofloxacin (200mg) + Ornidazole (500mg)
268,Yumipod 200mg Tablet DT,₹149,strip of 10 tablet dt,Volksmed Healthcare Pvt Ltd,Cefpodoxime Proxetil (200mg)
269,Ypo 2mg Syrup,₹72,bottle of 200 ml Syrup,Shinto Organics (P) Limited,Cyproheptadine (2mg)
270,Yamipride 50 Tablet,₹50.4,strip of 10 tablets,Tweet India Pharmaceuticals Pvt Ltd,Amisulpride (50mg)
271,Yoricip T Syrup,₹90,bottle of 200 ml Syrup,Roseate Medicare,Cyproheptadine (2mg/5ml) + Tricholine Citrate (275mg/5ml)
272,Yehept Syrup,₹87,bottle of 200 ml Syrup,Yew Biotech,Cyproheptadine (2mg) + Tricholine Citrate (275mg)
273,Yezole 30mg Capsule,₹50,strip of 10 capsules,Shreeyam Healthcare,Lansoprazole (30mg)
274,Yclo M 10mg/250mg Tablet,₹33,strip of 10 tablets,Otik Biotec,Dicyclomine (10mg) + Mefenamic Acid (250mg)
275,Ycepo 100mg Tablet DT,₹90,strip of 10 tablet dt,Shine Pharmaceuticals Ltd,Cefpodoxime Proxetil (100mg)
276,Yoripan 40mg Tablet,₹75,strip of 10 tablets,Roseate Medicare,Pantoprazole (40mg)
277,Ycer TH 8mg/100mg/325mg Tablet,₹255,strip of 10 tablets,Syndicate Life Sciences Pvt Ltd,Thiocolchicoside (8mg) + Aceclofenac (100mg) + Paracetamol (325mg)
278,Yotel AM 40mg/5mg Tablet,₹82,strip of 10 tablets,Biopolis Life Sciences Pvt Ltd,Telmisartan (40mg) + Amlodipine (5mg)
279,Yuvimont LC Oral Suspension,₹55,bottle of 60 ml Oral Suspension,Yuventis Pharmaceuticals,Levocetirizine (2.5mg) + Montelukast (8mg)
280,Ylorab L 75mg/20mg Capsule SR,₹145,strip of 10 capsule sr,Barlis Lifesciences Pvt Ltd,Levosulpiride (75mg) + Rabeprazole (20mg)
281,Yeclo 200mg Tablet SR,₹48,strip of 10 tablet sr,Yew Biotech,Aceclofenac (200mg)
282,Yelcef-O 200mg/200mg Tablet,₹136,strip of 10 tablets,Acinom Healthcare,Cefpodoxime Proxetil (200mg) + Ofloxacin (200mg)
283,Yourclox 500mg/125mg Tablet,₹113.8,strip of 6 tablets,Atyad Life Sciences Pvt Ltd,Amoxycillin  (500mg) +  Clavulanic Acid (125mg)
284,Ysacef LB 200mg Tablet,₹145,strip of 10 tablets,Arkle Healthcare Pvt Ltd,Cefixime (200mg) + Lactobacillus (60Million spores)
285,Yelocet 5mg Tablet,₹19,strip of 10 tablets,Staunch Biotech,Levocetirizine (5mg)
286,Yenac P 50mg/500mg Tablet,₹23,strip of 10 tablets,Yew Biotech,Diclofenac (50mg) + Paracetamol (500mg)
287,Yorofin Oral Suspension,₹45,bottle of 100 ml Oral Suspension,Mediyork Pharma Pvt Ltd,Ibuprofen (100mg) + Paracetamol (162.5mg)
288,Youpod 200mg Tablet DT,₹175,strip of 10 tablet dt,Yuventis Pharmaceuticals,Cefpodoxime Proxetil (200mg)
289,Yevozen-O Tablet,₹140,strip of 10 tablets,Glacia Life Care,Cefixime (200mg) + Ofloxacin (200mg)
290,Yoricold Syrup,₹45,bottle of 60 ml Syrup,Roseate Medicare,Chlorpheniramine Maleate (0.5mg/5ml) + Paracetamol (125mg/5ml) + Phenylephrine (5mg/5ml) + Sodium Citrate (60mg/5ml) + Menthol (1mg/5ml)
291,Yetro 120mg Tablet,₹123,strip of 10 tablets,Yew Biotech,Etoricoxib (120mg)
292,Yetomox-DS Dry Syrup,₹55,bottle of 30 ml Oral Suspension,Vibcare Pharma Pvt Ltd,Amoxycillin  (200mg) +  Clavulanic Acid (28.5mg)
293,Yuvpan 40mg Injection,₹49.7,vial of 1 Injection,Yuventis Pharmaceuticals,Pantoprazole (40mg)
294,Yoxicam 8mg/325mg Tablet,₹68,strip of 10 tablets,Smayan Healthcare Pvt Ltd,Lornoxicam (8mg) + Paracetamol (325mg)
295,Yoniprime 5% Lotion,₹67,bottle of 60 ml Lotion,Smayan Healthcare Pvt Ltd,Permethrin (5% w/v)
296,Yetomox 500mg Capsule,₹59.8,strip of 10 capsules,Vibcare Pharma Pvt Ltd,Amoxycillin (500mg)
297,Yonikast L 5mg/10mg Tablet,₹119,strip of 10 tablets,Smayan Healthcare Pvt Ltd,Levocetirizine (5mg) + Montelukast (10mg)
298,Yonireb D 10mg/20mg Tablet,₹75,strip of 10 tablets,Smayan Healthcare Pvt Ltd,Domperidone (10mg) + Rabeprazole (20mg)
299,Ypo-T 2mg/275mg Syrup,₹79,bottle of 200 ml Syrup,Shinto Organics (P) Limited,Cyproheptadine (2mg) + Tricholine Citrate (275mg)
300,Yomzole-D 10mg/20mg Capsule,₹61,strip of 10 capsules,Mepfarma India Pvt Ltd,Domperidone (10mg) + Omeprazole (20mg)
301,Yuviclav Dry Syrup,₹85,bottle of 30 ml Oral Suspension,Yuventis Pharmaceuticals,Amoxycillin  (200mg) +  Clavulanic Acid (28.5mg)
302,Yoxy LB 500mg/125mg Tablet,₹160,strip of 6 tablets,Swakam Biotech Private Limited,Amoxycillin (500mg) + Clavulanic Acid (125mg) + Lactobacillus (60Million spores)
303,Yorkmide 20mg Tablet,₹94.5,strip of 15 tablets,Addii Biotech Pvt Ltd,Torasemide (20mg)
304,Yashdon 40 Tablet,₹54,strip of 10 tablets,Glue Biotech,Pantoprazole (40mg)
305,Yougaba 75mg Capsule,₹104,strip of 10 capsules,Jeotrix Healthcare,Pregabalin (75mg)
306,Yazi 250mg Tablet,₹66,strip of 6 tablets,Yew Biotech,Azithromycin (250mg)
307,Yuviflox 200mg Tablet,₹55,strip of 10 tablets,Yuventis Pharmaceuticals,Ofloxacin (200mg)
308,Y Doxime LV 200mg/250mg Tablet,₹230,strip of 10 tablets,Man Serve Pharma,Cefpodoxime Proxetil (200mg) + Levofloxacin (250mg)
309,Y-Doxime Dry Syrup,₹115,bottle of 30 ml Oral Suspension,Man Serve Pharma,Cefpodoxime Proxetil (100mg)
310,Ylone 50mg Injection,₹150,vial of 1 Injection,Swakam Biotech Private Limited,Nandrolone Decanoate (50mg)
311,Ycline 100mg Capsule,₹120,strip of 10 capsules,SBS Biosciences,Doxycycline (100mg) + Lactobacillus (60Million spores)
312,Yetofol O 200mg/500mg Tablet,₹75,strip of 10 tablets,Vibcare Pharma Pvt Ltd,Ofloxacin (200mg) + Ornidazole (500mg)
313,Yoxadine Syrup,₹80,bottle of 200 ml Syrup,Barlis Lifesciences Pvt Ltd,Cyproheptadine (2mg/5ml) + Tricholine Citrate (275mg/5ml)
314,Yesmont LC 5mg/10mg Tablet,₹99,strip of 10 tablets,Myrica Healthcare Private Limited,Levocetirizine (5mg) + Montelukast (10mg)
315,Yecold 30mg/4mg/500mg/10mg Tablet,₹37,strip of 10 tablets,Yew Biotech,Caffeine (30mg) + Chlorpheniramine Maleate (4mg) + Paracetamol (500mg) + Phenylephrine (10mg)
316,Yaracoxia 120mg Tablet,₹125,strip of 10 tablets,Jayden Healthcare Pvt. Ltd.,Etoricoxib (120mg)
317,Yourxim CV 500mg/125mg Tablet,₹369,strip of 6 tablets,Atyad Life Sciences Pvt Ltd,Cefuroxime (500mg) + Clavulanic Acid (125mg)
318,Yacert 50mg Tablet,₹40,strip of 10 tablets,Acekinetics Healthcare Pvt Ltd,Sertraline (50mg)
319,Yzine 25mg Tablet,₹38.75,strip of 10 tablets,Dhamus Pharma,Hydroxyzine (25mg)
320,Ycim 100mg Tablet,₹70,strip of 10 tablets,Faith Pharmaceuticals Ltd,Cefixime (100mg)
321,Yocoliv 250mg Tablet,₹42.9,strip of 10 tablets,Smayan Healthcare Pvt Ltd,Levofloxacin (250mg)
322,Yanifix OZ 200mg/500mg Tablet,₹178,strip of 10 tablets,Smayan Healthcare Pvt Ltd,Cefixime (200mg) + Ornidazole (500mg)
323,Youpan 40mg Tablet,₹65,strip of 10 tablets,Yuventis Pharmaceuticals,Pantoprazole (40mg)
324,Yulose Oral Solution,₹110,bottle of 100 ml Oral Solution,Wyupharama,Lactulose (10gm)
325,Yaninim 100mg Tablet MD,₹29,strip of 10 tablet md,Smayan Healthcare Pvt Ltd,Nimesulide (100mg)
326,Yevofung 150mg Tablet,₹12.56,strip of 1 Tablet,Glacia Life Care,Fluconazole (150mg)
327,Yuvicef O Dry Syrup,₹66,bottle of 30 ml Dry Syrup,Yuventis Pharmaceuticals,Cefixime (50mg) + Ofloxacin (50mg)
328,Yoxy 500mg/125mg Tablet,₹120,strip of 6 tablets,Swakam Biotech Private Limited,Amoxycillin  (500mg) +  Clavulanic Acid (125mg)
329,Yutodian 10mg Tablet,₹110,strip of 10 tablets,Custodian Pharma Pvt Ltd,Ritodrine (10mg)
330,Yoxyzine 25mg Tablet,₹25,strip of 10 tablets,Sarcoma Remedies Pvt Ltd,Hydroxyzine (25mg)
331,Yourxim 250mg Tablet,₹370,strip of 10 tablets,Atyad Life Sciences Pvt Ltd,Cefuroxime (250mg)
332,Yoxacin OZ 200mg/500mg Tablet,₹85,strip of 10 tablets,Barlis Lifesciences Pvt Ltd,Ofloxacin (200mg) + Ornidazole (500mg)
333,Yorimin G 80mg/500mg Tablet,₹95.6,strip of 10 tablets,Roseate Medicare,Gliclazide (80mg) + Metformin (500mg)
334,Yamnac-SP Tablet,₹77,strip of 10 tablets,Reqwell Pharma,Aceclofenac (100mg) + Paracetamol (325mg) + Serratiopeptidase (15mg)
335,Ypan D 10mg/20mg Tablet,₹52,strip of 10 tablets,PHC Healthcare Pvt Ltd,Domperidone (10mg) + Pantoprazole (20mg)
336,Yuvicef CV Dry Syrup,₹85,bottle of 30 ml Dry Syrup,Yuventis Pharmaceuticals,Cefixime (50mg) + Clavulanic Acid (31.25mg)
337,Yordom D SR Capsule,₹119,strip of 10 capsule sr,Elaptus India,Domperidone (30mg) + Rabeprazole (20mg)
338,Yoplin-T 4gm/0.5gm Injection,₹499,vial of 1 Powder for Injection,Ascent Therapeuticals,Piperacillin (4gm) + Tazobactum (0.5gm)
339,Yama Safe 90mg/48mg/100mg Tablet,₹170,strip of 10 tablets,Medok Life Sciences Pvt Ltd,Bromelain (90mg) + Trypsin (48mg) + Rutoside (100mg)
340,Yama K Injection,₹15,ampoule of 1 ml Injection,Medok Life Sciences Pvt Ltd,Diclofenac (75mg)
341,Yutolan 20mg Tablet,₹25,strip of 10 tablets,Shreeyam Healthcare,Isoxsuprine (20mg)
342,Yoromol 650mg Tablet,₹19.3,strip of 10 tablets,Mediyork Pharma Pvt Ltd,Paracetamol (650mg)
343,Yuviflox 50mg Oral Suspension,₹38,bottle of 30 ml Oral Suspension,Yuventis Pharmaceuticals,Ofloxacin (50mg)
344,Yinka 250 Injection,₹55,vial of 1 Injection,Panm Labs India,Amikacin (250mg)
345,Yohit 100mg Capsule,₹210,strip of 10 capsules,Granmed Pharma,Itraconazole (100mg)
346,Yodon 10mg Tablet,₹23.7,strip of 10 tablets,Green Cross Remedies,Domperidone (10mg)
347,Yevozen 100mg Tablet,₹89,strip of 10 tablets,Glacia Life Care,Cefixime (100mg)
348,Yeclo D 100mg/50mg Tablet,₹117,strip of 10 tablets,Yew Biotech,Aceclofenac (100mg) + Diacerein (50mg)
349,Yelfex 120mg Tablet,₹110,strip of 10 tablets,Staunch Biotech,Fexofenadine (120mg)
350,Yanifix 200mg Tablet DT,₹100.91,strip of 10 tablet dt,Smayan Healthcare Pvt Ltd,Cefixime (200mg)
351,Yiloxime 50mg Dry Syrup,₹50,bottle of 30 ml Dry Syrup,Barlis Lifesciences Pvt Ltd,Cefixime (50mg/5ml)
352,Yorimox LB 500mg Capsule,₹92,strip of 10 capsules,Roseate Medicare,Amoxycillin (500mg) + Lactobacillus (60Million spores)
353,Yococef 50mg Tablet DT,₹65,strip of 10 tablet dt,Smayan Healthcare Pvt Ltd,Cefpodoxime Proxetil (50mg)
354,Yanifix 100mg Tablet DT,₹92.5,strip of 10 tablet dt,Smayan Healthcare Pvt Ltd,Cefixime (100mg)
355,Yevorab-D Tablet,₹78,strip of 10 tablets,Glacia Life Care,Domperidone (10mg) + Rabeprazole (20mg)
356,Yuvicef CV 200mg/125mg Tablet,₹192,strip of 10 tablets,Yuventis Pharmaceuticals,Cefixime (200mg) + Clavulanic Acid (125mg)
357,Yevozen 1000mg Injection,₹85,vial of 1 Injection,Glacia Life Care,Ceftriaxone (1000mg)
358,Yetacef-O Tablet,₹103.5,strip of 10 tablets,Healthtree Pharma (India) Private Limited,Cefixime (200mg) + Ofloxacin (200mg)
359,Yaka 250mg Tablet,₹70,strip of 6 tablets,Starzol Pharma,Azithromycin (250mg)
360,Yogabos 0.2 Tablet,₹97.5,strip of 15 tablets,HiGlance Laboratories,Voglibose (0.2mg)
361,Yelcef 50mg Tablet,₹70,strip of 10 tablets,Acinom Healthcare,Cefpodoxime Proxetil (50mg)
362,Yelcef-D 200mg/500mg Tablet,₹275,strip of 10 tablets,Acinom Healthcare,Cefpodoxime Proxetil (200mg) + Dicloxacillin (500mg)
363,Yoyocold Tablet,₹22,strip of 10 tablets,Slaney Healthcare,Caffeine (25mg) + Chlorpheniramine Maleate (2mg) + Paracetamol (500mg) + Phenylephrine (5mg)
364,Yetoflo 250 Tablet,₹43,strip of 10 tablets,Healthtree Pharma (India) Private Limited,Ciprofloxacin (250mg)
365,Yaxocip 500mg Tablet,₹42.9,strip of 10 tablets,Yaxon BioCare Pvt Ltd,Ciprofloxacin (500mg)
366,Yoripan 40mg Injection,₹47,vial of 1 Injection,Roseate Medicare,Pantoprazole (40mg)
367,Yaxi 20mg Tablet DT,₹47,strip of 10 tablet dt,Yew Biotech,Piroxicam (20mg)
368,Yera 40mg Injection,₹88.65,vial of 1 Injection,Supermax Laboratories,Esomeprazole (40mg)
369,Yetzone T 1000mg/125mg Injection,₹131,vial of 1 Injection,Vibcare Pharma Pvt Ltd,Ceftriaxone (1000mg) + Tazobactum (125mg)
370,Yugprol ER 50 Tablet,₹45.79,strip of 10 tablet er,Yug Pharmaceuticals,Metoprolol Succinate (47.5mg)
371,Yespenta 40mg Injection,₹58,vial of 1 Injection,Alpic Biotech Ltd,Pantoprazole (40mg)
372,Yocef 100mg Tablet,₹80.3,strip of 10 tablets,Triton Healthcare Pvt Ltd,Ofloxacin (100mg)
373,Yoyo DX Syrup,₹49,bottle of 100 ml Syrup,Slaney Healthcare,Phenylephrine (5mg) + Chlorpheniramine Maleate (2mg) + Dextromethorphan Hydrobromide (10mg)
374,Yonimac 0.2mg Tablet,₹70,strip of 10 tablets,Smayan Healthcare Pvt Ltd,Voglibose (0.2mg)
375,Ypan 40mg Tablet,₹65,strip of 10 tablets,PHC Healthcare Pvt Ltd,Pantoprazole (40mg)
376,Yorodol P 50mg/325mg Tablet,₹42,strip of 10 tablets,Mediyork Pharma Pvt Ltd,Tramadol (50mg) + Paracetamol (325mg)
377,Yocam 20mg Injection,₹32,vial of 1 Injection,Mediyork Pharma Pvt Ltd,Piroxicam (20mg)
378,Yonril D Syrup,₹68,bottle of 100 ml Syrup,Abyon Pharmaceuticals,Phenylephrine (5mg/5ml) + Chlorpheniramine Maleate (2mg/5ml) + Dextromethorphan Hydrobromide (10mg/5ml)
379,Yuvigest 100mg Soft Gelatin Capsule,₹140,strip of 10 soft gelatin capsules,Yuventis Pharmaceuticals,Progesterone (100mg)
380,Yorkee 50mg Oral Suspension,₹75,bottle of 30 ml Oral Suspension,Somkee India Private Limited,Cefpodoxime Proxetil (50mg/5ml)
381,Yuvicef 100 Tablet DT,₹79,strip of 10 tablet dt,Yuventis Pharmaceuticals,Cefixime (100mg)
382,Yerab DM 10mg/20mg Tablet,₹74,strip of 10 tablets,Yew Biotech,Domperidone (10mg) + Rabeprazole (20mg)
383,Yf Rab 20mg Tablet,₹60,strip of 10 tablets,Hale Corporation Private Limited,Rabeprazole (20mg)
384,Yoridiv 75mg Injection,₹15,vial of 1 ml Injection,Roseate Medicare,Diclofenac (75mg)
385,Ycim 200mg Tablet,₹102.85,strip of 10 tablets,Faith Pharmaceuticals Ltd,Cefixime (200mg)
386,Yoodh 200 mg/500 mg Tablet,₹69,strip of 10 tablets,Icpa Health Products Ltd,Ofloxacin (200mg) + Ornidazole (500mg)
387,Yavisc Injection,₹90.47,vial of 2 ml Injection,Yash Pharma Laboratories Pvt Ltd,Hydroxypropylmethylcellulose (2% w/v)
388,Yucin 500mg Tablet,₹54,strip of 10 tablets,Shreeyam Healthcare,Ciprofloxacin (500mg)
389,Yoridol 50mg Injection,₹25,vial of 2 ml Injection,Roseate Medicare,Tramadol (50mg)
390,Ysoflox 200mg Tablet,₹55,strip of 10 tablets,Arkle Healthcare Pvt Ltd,Ofloxacin (200mg)
391,Yococef 100mg Tablet DT,₹120,strip of 10 tablet dt,Smayan Healthcare Pvt Ltd,Cefpodoxime Proxetil (100mg)
392,Yanifix CL 200mg/125mg Tablet,₹235,strip of 10 tablets,Smayan Healthcare Pvt Ltd,Cefixime (200mg) + Clavulanic Acid (125mg)
393,Yonireb IT 20mg/150mg Capsule SR,₹115,strip of 10 capsule sr,Smayan Healthcare Pvt Ltd,Rabeprazole (20mg) + Itopride (150mg)
394,Yoridol 50mg Injection,₹25,vial of 2 ml Injection,Roseate Medicare,Tramadol (50mg)
395,Yorinor TZ 400mg/600mg Tablet,₹90,strip of 10 tablets,Roseate Medicare,Norfloxacin (400mg) + Tinidazole (600mg)
396,Yuvigest 200mg Soft Gelatin Capsule,₹265,strip of 10 soft gelatin capsules,Yuventis Pharmaceuticals,Progesterone (Natural Micronized) (200mg)
397,Yoxaome D 10mg/20mg Capsule,₹45,strip of 10 capsules,Barlis Lifesciences Pvt Ltd,Domperidone (10mg) + Omeprazole (20mg)
398,Ylorab 20mg Tablet,₹50,strip of 10 tablets,Barlis Lifesciences Pvt Ltd,Rabeprazole (20mg)
399,Yevozen T 1000mg/125mg Injection,₹145,vial of 1 Injection,Glacia Life Care,Ceftriaxone (1000mg) + Tazobactum (125mg)
400,Yetoxin-OZ Tablet,₹95,strip of 10 tablets,Healthtree Pharma (India) Private Limited,Ofloxacin (200mg) + Ornidazole (500mg)
401,Ycer PT 100mg/325mg/37.5mg Tablet,₹85,strip of 10 tablets,Syndicate Life Sciences Pvt Ltd,Aceclofenac (100mg) + Paracetamol (325mg) + Tramadol (37.5mg)
402,Yetoxin 200 Tablet,₹65,strip of 10 tablets,Healthtree Pharma (India) Private Limited,Ofloxacin (200mg)
403,Yamipride 100 Tablet,₹118,strip of 10 tablets,Tweet India Pharmaceuticals Pvt Ltd,Amisulpride (100mg)
404,Yesrox 150mg Tablet,₹69.9,strip of 10 tablets,NovaMed Pharmaceuticals Pvt Ltd,Roxithromycin (150mg)
405,Ysoflox OZ 200mg/500mg Tablet,₹70,strip of 10 tablets,Arkle Healthcare Pvt Ltd,Ofloxacin (200mg) + Ornidazole (500mg)
406,Yanitel 20mg Tablet,₹35,strip of 10 tablets,Smayan Healthcare Pvt Ltd,Telmisartan (20mg)
407,Yecold Syrup,₹71,bottle of 60 ml Syrup,Yew Biotech,Chlorpheniramine Maleate (1.5mg/5ml) + Dextromethorphan Hydrobromide (5mg/5ml) + Paracetamol (2.5mg/5ml) + Phenylephrine (125mg/5ml)
408,Yetro 90mg Tablet,₹94,strip of 10 tablets,Yew Biotech,Etoricoxib (90mg)
409,Yougaba M 750mcg/75mg Capsule,₹124,strip of 10 capsules,Jeotrix Healthcare,Methylcobalamin (750mcg) + Pregabalin (75mg)
410,Yoromol 100mg Oral Drops,₹36,bottle of 15 ml Oral Drops,Mediyork Pharma Pvt Ltd,Paracetamol (100mg)
411,Yevozen 500mg Injection,₹50,vial of 1 Injection,Glacia Life Care,Ceftriaxone (500mg)
412,Yencox-MR Tablet,₹210,strip of 10 tablets,Moderik Healthcare,Etoricoxib (60mg) + Thiocolchicoside (4mg)
413,Yevozen-CV Tablet,₹125,strip of 6 tablets,Glacia Life Care,Cefixime (200mg) + Clavulanic Acid (125mg)
414,Yevonate 80mg/480mg Tablet,₹149,strip of 6 tablets,Glacia Life Care,Artemether (80mg) + Lumefantrine (480mg)
415,Yanipreg 300mg Soft Gelatin Capsule,₹375,strip of 10 soft gelatin capsules,Smayan Healthcare Pvt Ltd,Progesterone (Natural Micronized) (300mg)
416,Yanicold 5mg/325mg/10mg Tablet,₹60,strip of 10 tablets,Smayan Healthcare Pvt Ltd,Cetirizine (5mg) + Paracetamol (325mg) + Phenylephrine (10mg)
417,Yelocip 250mg Tablet,₹72,strip of 10 tablets,Staunch Health Care Pvt Ltd,Ciprofloxacin (250mg)
418,Yoflox OZ 200 mg/500 mg Tablet,₹89,strip of 10 tablets,Triton Healthcare Pvt Ltd,Ofloxacin (200mg) + Ornidazole (500mg)
419,Yoxi-P 8mg/325mg Tablet,₹60,strip of 10 tablets,Acinom Healthcare,Lornoxicam (8mg) + Paracetamol (325mg)
420,Yugprol ER 25 Tablet,₹58.75,strip of 15 Tablet pr,Yug Pharmaceuticals,Metoprolol Succinate (23.75mg)
421,Yudlox 200mg Tablet,₹55,strip of 10 tablets,Acceleration Organics Pvt Ltd,Ofloxacin (200mg)
422,Yourflox SB 1000mg/500mg Injection,₹106,vial of 1 Injection,Atyad Life Sciences Pvt Ltd,Ceftriaxone (1000mg) + Sulbactam (500mg)
423,Yorimox LB 250mg Capsule,₹45,strip of 10 capsules,Roseate Medicare,Amoxycillin (250mg) + Lactobacillus (60Million spores)
424,Yodoxim 200mg Tablet DT,₹192,strip of 10 tablet dt,Medna Biotech Private Limited,Cefpodoxime Proxetil (200mg)
425,Yocoflex GM 50mg/500mg/50mg Tablet,₹180,strip of 10 tablets,Smayan Healthcare Pvt Ltd,Diacerein (50mg) + Glucosamine Sulfate Potassium Chloride (500mg) + Methyl Sulfonyl Methane (50mg)
426,Yezdi-MR Tablet,₹57,strip of 10 tablets,Evantis Lifesciences Private Limited,Chlorzoxazone (250mg) + Diclofenac (50mg) + Paracetamol (325mg)
427,Yudolic 300mg Tablet,₹340,strip of 10 tablets,Mediyork Pharma Pvt Ltd,Ursodeoxycholic Acid (300mg)
428,Yomzole 20mg Capsule,₹45,strip of 10 capsules,Mepfarma India Pvt Ltd,Omeprazole (20mg)
429,Yuclox DC 250mg/250mg Capsule,₹69.5,strip of 10 capsules,Biocin Genetics  Pharma,Amoxycillin (250mg) + Dicloxacillin (250mg)
430,Yefix-LB 200mg/60Million spores Tablet,₹150,strip of 10 tablets,Abron Healthcare,Cefixime (200mg) + Lactobacillus (60Million spores)
431,Y Glim M 1mg/500mg Tablet SR,₹30,strip of 10 tablet sr,VHVL Inc,Glimepiride (1mg) + Metformin (500mg)
432,Yojus CV 500mg/125mg Tablet,₹280,strip of 10 tablets,Toubib Pharma Private Limited,Amoxycillin  (500mg) +  Clavulanic Acid (125mg)
433,Yevonate 60mg Injection,₹155,vial of 1 Injection,Glacia Life Care,Artesunate (60mg)
434,Yerab 20mg Injection,₹49,vial of 1 Injection,Yew Biotech,Rabeprazole (20mg)
435,Yenac MR 250mg/50mg/325mg Tablet,₹52,strip of 10 tablets,Yew Biotech,Chlorzoxazone (250mg) + Diclofenac (50mg) + Paracetamol (325mg)
436,Yoromol 1000mg Infusion,₹239,bottle of 100 ml Infusion,Mediyork Pharma Pvt Ltd,Paracetamol (1000mg)
437,Yadrox 200mg Tablet,₹62.5,strip of 10 tablets,Trireme Life Sciences Pvt Ltd,Hydroxychloroquine (200mg)
438,Yamnac-P Oral Suspension,₹46,bottle of 60 ml Oral Suspension,Reqwell Pharma,Aceclofenac (50mg) + Paracetamol (125mg)
439,Yevo Kit,₹91,box of 1 Kit,Glacia Life Care,Fluconazole (150mg) + Azithromycin (1000mg) + Secnidazole (1000mg)
440,Yuvicef 100mg Dry Syrup,₹109,bottle of 30 ml Dry Syrup,Vindcare Lifesciences,Cefpodoxime Proxetil (100mg)
441,Yuvicold DX Syrup,₹74,bottle of 100 ml Syrup,Mednic Healthcare,Phenylephrine (5mg/5ml) + Chlorpheniramine Maleate (2mg/5ml) + Dextromethorphan Hydrobromide (10mg/5ml)
442,Yashdon 40mg Injection,₹51,vial of 1 Injection,Glue Biotech,Pantoprazole (40mg)
443,Yuvipress AT 5mg/50mg Tablet,₹55,strip of 10 tablets,Yuventis Pharmaceuticals,Amlodipine (5mg) + Atenolol (50mg)
444,Yofix C 200mg/125mg Tablet,₹212.5,strip of 10 tablets,Mathis Pharma,Cefixime (200mg) + Clavulanic Acid (125mg)
445,Yofix 50mg Dry Syrup,₹48.5,bottle of 30 ml Dry Syrup,Mathis Pharma,Cefixime (50mg)
446,Yorimeth P 1500mcg/75mg Tablet SR,₹150,strip of 10 tablet sr,Roseate Medicare,Methylcobalamin (1500mcg) + Pregabalin (75mg)
447,Yorifex M 10mg/120mg Tablet,₹156,strip of 10 tablets,Roseate Medicare,Montelukast (10mg) + Fexofenadine (120mg)
448,Yoritad 20mg Tablet,₹295,strip of 4 tablets,Roseate Medicare,Tadalafil (20mg)
449,Yorkee 200mg Tablet DT,₹125,strip of 10 tablet dt,Somkee India Private Limited,Cefpodoxime Proxetil (200mg)
450,Yevof-OR Tablet,₹89,strip of 10 tablets,Glacia Life Care,Ofloxacin (200mg) + Ornidazole (500mg)
451,Yorkee 200mg Tablet DT,₹125,strip of 10 tablet dt,Somkee India Private Limited,Cefpodoxime Proxetil (200mg)
452,Yuvipress AT 5mg/50mg Tablet,₹55,strip of 10 tablets,Yuventis Pharmaceuticals,Amlodipine (5mg) + Atenolol (50mg)
453,Yoflin 400mg Tablet,₹80,strip of 10 tablets,Pax Healthcare,Doxofylline (400mg)
454,Yozole 150mg Tablet,₹16.5,strip of 1 Tablet,Yaxon BioCare Pvt Ltd,Fluconazole (150mg)
455,Ysacef 50mg Dry Syrup,₹44,bottle of 30 ml Dry Syrup,Arkle Healthcare Pvt Ltd,Cefixime (50mg)
456,Yaniclox CF 200mg/500mg Tablet,₹146.5,strip of 10 tablets,Smayan Healthcare Pvt Ltd,Cefixime (200mg) + Dicloxacillin (500mg)
457,Yetofol 200mg Tablet,₹55,strip of 10 tablets,Vibcare Pharma Pvt Ltd,Ofloxacin (200mg)
458,Yivan-P Tablet,₹45,strip of 10 tablets,Cospex Pharmaceuticals Pvt Ltd,Aceclofenac (100mg) + Paracetamol (325mg)
459,Yoridiv MR 250mg/50mg/325mg Tablet,₹55,strip of 10 tablets,Roseate Medicare,Chlorzoxazone (250mg) + Diclofenac (50mg) + Paracetamol (325mg)
460,Yperdom Tablet,₹29,strip of 10 tablets,Superlative Healthcare,Domperidone (10mg)
461,Yevorab A 200mg/20mg Capsule SR,₹99,strip of 10 capsule sr,Glacia Life Care,Aceclofenac (200mg) + Rabeprazole (20mg)
462,Yevof 200 Tablet,₹55,strip of 10 tablets,Glacia Life Care,Ofloxacin (200mg)
463,Yevoc 50mg Injection,₹130,vial of 2.5 ml Injection,Glacia Life Care,Iron Sucrose (50mg)
464,Yevozen T 250mg/31.25mg Injection,₹59,vial of 1 Injection,Glacia Life Care,Ceftriaxone (250mg) + Tazobactum (31.25mg)
465,Yodoxim 50mg Dry Syrup,₹67,bottle of 30 ml Dry Syrup,Medna Biotech Private Limited,Cefpodoxime Proxetil (50mg)
466,Yuvican 200mg Tablet,₹21,strip of 1 Tablet,Vindcare Lifesciences,Fluconazole (200mg)
467,Yanitel 40mg Tablet,₹64,strip of 10 tablets,Smayan Healthcare Pvt Ltd,Telmisartan (40mg)
468,Yaxotel H 40mg/12.5mg Tablet,₹79,strip of 10 tablets,Yaxon BioCare Pvt Ltd,Telmisartan (40mg) + Hydrochlorothiazide (12.5mg)
469,Yevorab IT 20mg/150mg Capsule SR,₹135,strip of 10 capsule sr,Glacia Life Care,Rabeprazole (20mg) + Itopride (150mg)
470,Yevorab LS 75mg/20mg Capsule SR,₹175,strip of 10 capsule sr,Glacia Life Care,Levosulpiride (75mg) + Rabeprazole (20mg)
471,Yevomin 750mcg/75mg Capsule,₹125,strip of 10 capsules,Glacia Life Care,Methylcobalamin (750mcg) + Pregabalin (75mg)
472,Yevozen 250mg Injection,₹30,vial of 1 Injection,Glacia Life Care,Ceftriaxone (250mg)
473,Yorirab D 10mg/20mg Tablet,₹75,strip of 10 tablets,Roseate Medicare,Domperidone (10mg) + Rabeprazole (20mg)
474,Yoketo 2% Cream,₹75,tube of 15 gm Cream,Yodley Life Sciences Private Limited,Ketoconazole (2% w/w)
475,Yadocid Oral Suspension Sugar Free,₹63,bottle of 170 ml Oral Suspension,Incuity Pharma Pvt. Ltd.,Magaldrate (480mg) + Simethicone (20mg)
476,Yocozol 20mg Capsule,₹37.75,strip of 15 capsules,Smayan Healthcare Pvt Ltd,Omeprazole (20mg)
477,Yocofate 1000mg Syrup,₹143,bottle of 200 ml Syrup,Smayan Healthcare Pvt Ltd,Sucralfate (1000mg/10ml)
478,Yugprol ER 50 Tablet,₹95.3,strip of 15 tablet er,Yug Pharmaceuticals,Metoprolol Succinate (47.5mg)
479,Yetacef 100 Tablet DT,₹65,strip of 10 tablet dt,Healthtree Pharma (India) Private Limited,Cefixime (100mg)
480,Yevorab IT 20mg/150mg Capsule SR,₹135,strip of 10 capsule sr,Glacia Life Care,Rabeprazole (20mg) + Itopride (150mg)
481,Yevorab LS 75mg/20mg Capsule SR,₹175,strip of 10 capsule sr,Glacia Life Care,Levosulpiride (75mg) + Rabeprazole (20mg)
482,Yevozen 250mg Injection,₹30,vial of 1 Injection,Glacia Life Care,Ceftriaxone (250mg)
483,Yadocid Oral Suspension Sugar Free,₹63,bottle of 170 ml Oral Suspension,Incuity Pharma Pvt. Ltd.,Magaldrate (480mg) + Simethicone (20mg)
484,Yenac 75mg Injection,₹19,vial of 1 Injection,Yew Biotech,Diclofenac (75mg)
485,Yuvpar M DS Oral Suspension,₹60,bottle of 60 ml Oral Suspension,Yuventis Pharmaceuticals,Mefenamic Acid (100mg) + Paracetamol (250mg)
486,Yelocip 500mg Tablet,₹67,strip of 10 tablets,Staunch Health Care Pvt Ltd,Ciprofloxacin (500mg)
487,Yrof Plus 50mg/325mg Tablet,₹40,strip of 10 tablets,Arbro Pharmaceuticals Pvt Ltd,Diclofenac (50mg) + Paracetamol (325mg)
488,Yanic KID 100mg Tablet,₹74,strip of 10 tablets,Ascent Therapeuticals,Azithromycin (100mg)
489,Yelcef 100mg Tablet,₹120,strip of 10 tablets,Acinom Healthcare,Cefpodoxime Proxetil (100mg)
490,Yoltoclav 500mg/125mg Tablet,₹110,strip of 6 tablets,Barlis Lifesciences Pvt Ltd,Amoxycillin  (500mg) +  Clavulanic Acid (125mg)
491,Yiloxime O 200mg/200mg Tablet,₹170,strip of 10 tablets,Barlis Lifesciences Pvt Ltd,Cefixime (200mg) + Ofloxacin (200mg)
492,Yevorab D 30mg/20mg Capsule SR,₹95,strip of 10 capsule sr,Glacia Life Care,Domperidone (30mg) + Rabeprazole (20mg)
493,Yevoclav 375mg Tablet,₹145,strip of 6 tablets,Glacia Life Care,Amoxycillin  (250mg) +  Clavulanic Acid (125mg)
494,Yevozen S 250mg/125mg Injection,₹45,vial of 1 Injection,Glacia Life Care,Ceftriaxone (250mg) + Sulbactam (125mg)
495,Yenate Injection,₹182,box of 1 Injection,Yew Biotech,Artesunate (60mg)
496,Yoxy 500mg Capsule,₹32,strip of 10 capsules,Swakam Biotech Private Limited,Amoxycillin (500mg)
497,Yodoxim CV 200mg/125mg Tablet,₹286,strip of 10 tablets,Medna Biotech Private Limited,Cefpodoxime Proxetil (200mg) + Clavulanic Acid (125mg)
498,Yuvicef 1000mg Injection,₹63,vial of 1 Injection,Yuventis Pharmaceuticals,Ceftriaxone (1000mg)
499,Yefur 500 Tablet,₹382,strip of 10 tablets,Lucida Pharmaceuticals Pvt Ltd,Cefuroxime (500mg)
500,Yuvicef SB 250mg/125mg Injection,₹40.7,vial of 1 Injection,Yuventis Pharmaceuticals,Ceftriaxone (250mg) + Sulbactam (125mg)
501,Yorion 4mg Tablet MD,₹49,strip of 10 tablet md,Roseate Medicare,Ondansetron (4mg)
502,Yaninim Forte 100mg/325mg/10mg Tablet,₹65,strip of 10 tablets,Smayan Healthcare Pvt Ltd,Nimesulide (100mg) + Paracetamol (325mg) + Serratiopeptidase (10mg)
503,Yourcef 1000mg Injection,₹398,vial of 1 Injection,Atyad Life Sciences Pvt Ltd,Cefoperazone (1000mg)
504,Yourflox 1000mg Injection,₹54,vial of 1 Injection,Atyad Life Sciences Pvt Ltd,Ceftriaxone (1000mg)
505,Yesthox 500mg Tablet,₹72.3,strip of 3 tablets,Biochemix Health Care Pvt. Ltd.,Azithromycin (500mg)
506,Yodilite-L 40mg/240mg Tablet,₹110,strip of 6 tablets,Ascent Therapeuticals,Artemether (40mg) + Lumefantrine (240mg)
507,YBZ 400mg Tablet,₹12,strip of 1 Tablet,Nuclear Pharmaceuticals Pvt Ltd,Albendazole (400mg)
508,Yuvidox 100mg Tablet DT,₹108,strip of 10 tablet dt,Yuventis Pharmaceuticals,Cefpodoxime Proxetil (100mg)
509,Yaninim 100mg/325mg Tablet,₹38,strip of 10 tablets,Smayan Healthcare Pvt Ltd,Nimesulide (100mg) + Paracetamol (325mg)
510,Yuvidox 100mg Tablet DT,₹108,strip of 10 tablet dt,Yuventis Pharmaceuticals,Cefpodoxime Proxetil (100mg)
511,Yoripan D 30mg/40mg Capsule SR,₹84,strip of 10 capsule sr,Roseate Medicare,Domperidone (30mg) + Pantoprazole (40mg)
512,Yoriclav 1000mg/200mg Injection,₹124,vial of 1 Injection,Roseate Medicare,Amoxycillin  (1000mg) +  Clavulanic Acid (200mg)
513,Yabeta 16mg Tablet,₹70,strip of 10 tablets,Spranza Vita Pharmaceutical LLP,Betahistine (16mg)
514,Yevozen CV Dry Syrup,₹65,bottle of 30 ml Dry Syrup,Glacia Life Care,Cefixime (50mg/5ml) + Clavulanic Acid (31.25mg/5ml)
515,Yoclav Dry Syrup,₹56.1,bottle of 30 ml Dry Syrup,Pax Healthcare,Amoxycillin  (200mg) +  Clavulanic Acid (28.5mg/5ml)
516,Yozid 250mg Injection,₹86,vial of 1 Injection,Alwin Wilcare Pharmaceuticals,Ceftazidime (250mg)
517,Yacadine 5% Ointment,₹41.9,tube of 15 gm Ointment,Yacca Pharmaceuticals Pvt Ltd,Povidone Iodine (5% w/w)
518,Yacadine 5% Lotion,₹170,bottle of 500 ml Lotion,Yacca Pharmaceuticals Pvt Ltd,Povidone Iodine (5% w/w)
519,Yacaphen Plus 400mg/500mg Tablet,₹12.5,strip of 10 tablets,Yacca Pharmaceuticals Pvt Ltd,Ibuprofen (400mg) + Paracetamol (500mg)
520,Yefix-LB 100mg/30Million spores Tablet,₹80,strip of 10 tablets,Abron Healthcare,Cefixime (100mg) + Lactobacillus (30Million spores)
521,Yevozith 250 Tablet,₹66,strip of 6 tablets,Glacia Life Care,Azithromycin (250mg)
522,Yodec 50mg Injection,₹115,vial of 1 Injection,Ani Healthcare Pvt Ltd,Nandrolone Decanoate (50mg)
523,Yuvicef 100mg Tablet DT,₹114,strip of 10 tablet dt,Vindcare Lifesciences,Cefpodoxime Proxetil (100mg)
524,Yuvigest 100mg Injection,₹90,vial of 1 Injection,Yuventis Pharmaceuticals,Progesterone (100mg)
525,Yoronox P 8mg/325mg Tablet,₹85,strip of 10 tablets,Mediyork Pharma Pvt Ltd,Lornoxicam (8mg) + Paracetamol (325mg)
526,Yorul 300mg Tablet,₹58.9,strip of 10 tablets,Mathis Pharma,Allopurinol (300mg)
527,YBose-Plus 0.3 Tablet SR,₹99,strip of 10 tablet sr,Yami Pharma,Metformin (500mg) + Voglibose (0.3mg)
528,Yocoset 4mg Tablet,₹42,strip of 10 tablets,Smayan Healthcare Pvt Ltd,Ondansetron (4mg)
529,Yococip 500mg Tablet,₹34.5,strip of 10 tablets,Smayan Healthcare Pvt Ltd,Ciprofloxacin (500mg)
530,Yonireb D 30mg/20mg Capsule SR,₹95,strip of 10 capsule sr,Smayan Healthcare Pvt Ltd,Domperidone (30mg) + Rabeprazole (20mg)
531,Yourflox 500mg Injection,₹49,vial of 1 Injection,Atyad Life Sciences Pvt Ltd,Ceftriaxone (500mg)
532,Yaxolizer Syrup,₹61,bottle of 100 ml Syrup,Yaxon BioCare Pvt Ltd,Disodium Hydrogen Citrate (1.37gm/5ml)
533,Ycomik 500mg Injection,₹98,vial of 1 Injection,Kryptomed Formulations Pvt Ltd,Amikacin (500mg)
534,Yevozen S 1000mg/500mg Injection,₹120,vial of 1 Injection,Glacia Life Care,Ceftriaxone (1000mg) + Sulbactam (500mg)
535,Yevof 50mg Oral Suspension,₹34,bottle of 60 ml Oral Suspension,Glacia Life Care,Ofloxacin (50mg/5ml)
536,Yazone S 1000mg/500mg Injection,₹125,vial of 1 Injection,Silhos Pharma Ltd,Ceftriaxone (1000mg) + Sulbactam (500mg)
537,Yoltoclav Syrup,₹55,bottle of 30 ml Syrup,Barlis Lifesciences Pvt Ltd,Amoxycillin  (200mg/5ml) +  Clavulanic Acid (28.5mg/5ml)
538,Yeclo 100mg Tablet,₹31,strip of 10 tablets,Yew Biotech,Aceclofenac (100mg)
539,Yoromol 250mg Oral Suspension,₹38,bottle of 60 ml Oral Suspension,Mediyork Pharma Pvt Ltd,Paracetamol (250mg)
540,Yuvicef SB 1000mg/500mg Injection,₹103.5,vial of 1 Injection,Yuventis Pharmaceuticals,Ceftriaxone (1000mg) + Sulbactam (500mg)
541,Yevof 50mg Oral Suspension,₹34,bottle of 60 ml Oral Suspension,Glacia Life Care,Ofloxacin (50mg/5ml)
542,Yuviclav 200mg/28.50mg Tablet,₹60,strip of 10 tablets,Yuventis Pharmaceuticals,Amoxycillin  (200mg) +  Clavulanic Acid (28.50mg)
543,Yevozen S 1000mg/500mg Injection,₹120,vial of 1 Injection,Glacia Life Care,Ceftriaxone (1000mg) + Sulbactam (500mg)
544,Yevorab 20 Tablet,₹65,strip of 10 tablets,Glacia Life Care,Rabeprazole (20mg)
545,Yevozen 50mg Dry Syrup,₹39,bottle of 30 ml Dry Syrup,Glacia Life Care,Cefixime (50mg/5ml)
546,Yojus-CV Dry Syrup Orange,₹75,bottle of 30 ml Oral Suspension,Toubib Pharma Private Limited,Amoxycillin (200mg) + Clavulanic Acid (28.5mg) + Lactobacillus (30Million spores)
547,Yevonem 1000mg Injection,₹1900,vial of 1 Injection,Glacia Life Care,Meropenem (1000mg)
548,Yanitel 80mg Tablet,₹97,strip of 10 tablets,Smayan Healthcare Pvt Ltd,Telmisartan (80mg)
549,Yorion 2mg Injection,₹15.5,vial of 2 ml Injection,Roseate Medicare,Ondansetron (2mg)
550,Yuvicef 500mg Injection,₹49,vial of 1 Injection,Yuventis Pharmaceuticals,Ceftriaxone (500mg)
551,Yeftri 1000mg Injection,₹56.5,vial of 1 Injection,Barlis Lifesciences Pvt Ltd,Ceftriaxone (1000mg)
552,Yourclox DC 250mg/250mg Capsule,₹75,strip of 10 capsules,Atyad Life Sciences Pvt Ltd,Amoxycillin (250mg) + Dicloxacillin (250mg)
553,Yashdon D 10mg/40mg Tablet,₹69,strip of 10 tablets,Glue Biotech,Domperidone (10mg) + Pantoprazole (40mg)
554,Yinka 100mg Injection,₹20,vial of 1 Injection,Panm Labs India,Amikacin (100mg)
555,Yacadine 5% Lotion,₹65,bottle of 100 ml Lotion,Yacca Pharmaceuticals Pvt Ltd,Povidone Iodine (5% w/w)
556,Yewcan 150mg Tablet,₹230,strip of 10 tablets,Yew Lifesciences,Fluconazole (150mg)
557,Yolaz 30mg Capsule,₹49,strip of 10 capsules,Sayona Medicare Pvt Ltd,Lansoprazole (30mg)
558,Yilodox 200mg Tablet,₹208,strip of 10 tablets,Barlis Lifesciences Pvt Ltd,Cefpodoxime Proxetil (200mg)
559,Yorinad 50mg Injection,₹150,vial of 1 Injection,Roseate Medicare,Nandrolone Decanoate (50mg)
560,Yoriflox 500mg Tablet,₹81.9,strip of 10 tablets,Roseate Medicare,Levofloxacin (500mg)
561,Yevomin Plus Injection,₹75,vial of 2 ml Injection,Glacia Life Care,Methylcobalamin (1000mcg) + Vitamin B6 (Pyridoxine) (100mg) + Niacinamide (100mg) + D-Panthenol (50mg)
562,Yevozen T 500mg/62.5mg Injection,₹94,vial of 1 Injection,Glacia Life Care,Ceftriaxone (500mg) + Tazobactum (62.5mg)
563,Yumox 250mg Capsule,₹32,strip of 10 capsules,Lanark Laboratories Pvt Ltd,Amoxycillin (250mg)
564,Yococef CL 200mg/125mg Tablet,₹290,strip of 10 tablets,Smayan Healthcare Pvt Ltd,Cefpodoxime Proxetil (200mg) + Clavulanic Acid (125mg)
565,Yonireb LS 75mg/20mg Capsule SR,₹160,strip of 10 capsule sr,Smayan Healthcare Pvt Ltd,Levosulpiride (75mg) + Rabeprazole (20mg)
566,Yeftri S 1000mg/500mg Injection,₹128,vial of 1 Injection,Barlis Lifesciences Pvt Ltd,Ceftriaxone (1000mg) + Sulbactam (500mg)
567,Yonikast FX 10mg/120mg Tablet,₹119,strip of 10 tablets,Smayan Healthcare Pvt Ltd,Montelukast (10mg) + Fexofenadine (120mg)
568,Yanitel H 40mg/12.5mg Tablet,₹85,strip of 10 tablets,Smayan Healthcare Pvt Ltd,Telmisartan (40mg) + Hydrochlorothiazide (12.5mg)
569,Yourflox 250mg Injection,₹25,vial of 1 Injection,Atyad Life Sciences Pvt Ltd,Ceftriaxone (250mg)
570,Yococef CL 200mg/125mg Tablet,₹290,strip of 10 tablets,Smayan Healthcare Pvt Ltd,Cefpodoxime Proxetil (200mg) + Clavulanic Acid (125mg)
571,Yonireb LS 75mg/20mg Capsule SR,₹160,strip of 10 capsule sr,Smayan Healthcare Pvt Ltd,Levosulpiride (75mg) + Rabeprazole (20mg)
572,Yourflox 250mg Injection,₹25,vial of 1 Injection,Atyad Life Sciences Pvt Ltd,Ceftriaxone (250mg)
573,Yanitel H 40mg/12.5mg Tablet,₹85,strip of 10 tablets,Smayan Healthcare Pvt Ltd,Telmisartan (40mg) + Hydrochlorothiazide (12.5mg)
574,Yeftri S 1000mg/500mg Injection,₹128,vial of 1 Injection,Barlis Lifesciences Pvt Ltd,Ceftriaxone (1000mg) + Sulbactam (500mg)
575,Yefix Syrup,₹55,bottle of 30 ml Syrup,Abron Healthcare,Cefixime (50mg)
576,Yefix Plus 200mg/200mg Tablet,₹160,strip of 10 tablets,Abron Healthcare,Cefixime (200mg) + Ofloxacin (200mg)
577,Yacanor 400mg/600mg Tablet,₹49,strip of 10 tablets,Yacca Pharmaceuticals Pvt Ltd,Norfloxacin (400mg) + Tinidazole (600mg)
578,Yevo AB 150mg Injection,₹88,vial of 2 ml Injection,Glacia Life Care,Alpha-Beta Arteether (150mg)
579,Yorifex 120mg Tablet,₹119,strip of 10 tablets,Roseate Medicare,Fexofenadine (120mg)
580,Yenta 50mg Tablet,₹199.9,strip of 10 tablets,Fawn Incorporation,Tapentadol (50mg)
581,Yoxy 1000mg/200mg Injection,₹140,vial of 1 Injection,Swakam Biotech Private Limited,Amoxycillin  (1000mg) +  Clavulanic Acid (200mg)
582,Yufexim 200mg Tablet DT,₹100,strip of 10 tablet dt,Yu Medtron Healthcare Pvt Ltd,Cefixime (200mg)
583,Yuval 50mg Dry Syrup,₹72,bottle of 30 ml Dry Syrup,Syska Healthcare,Cefpodoxime Proxetil (50mg)
584,Yumox BR 250mg/8mg Capsule,₹35,strip of 10 capsules,Lanark Laboratories Pvt Ltd,Amoxycillin (250mg) + Bromhexine (8mg)
585,Yevof OR Oral Suspension,₹61,bottle of 30 ml Oral Suspension,Glacia Life Care,Ofloxacin (50mg/5ml) + Ornidazole (125mg/5ml)
586,Yevozith 200mg Oral Suspension,₹44,bottle of 15 ml Oral Suspension,Glacia Life Care,Azithromycin (200mg/5ml)
587,Yanifix 50mg Dry Syrup,₹44,bottle of 30 ml Dry Syrup,Smayan Healthcare Pvt Ltd,Cefixime (50mg/5ml)
588,Yocozol D 10mg/20mg Capsule,₹72.5,strip of 15 capsules,Smayan Healthcare Pvt Ltd,Domperidone (10mg) + Omeprazole (20mg)
589,Yocoliv 500mg Tablet,₹65.4,strip of 10 tablets,Smayan Healthcare Pvt Ltd,Levofloxacin (500mg)
590,Yanipreg 100mg Soft Gelatin Capsule,₹155,strip of 10 soft gelatin capsules,Smayan Healthcare Pvt Ltd,Progesterone (Natural Micronized) (100mg)
591,Yoxicam TH 8mg/4mg Tablet,₹195,strip of 10 tablets,Smayan Healthcare Pvt Ltd,Lornoxicam (8mg) + Thiocolchicoside (4mg)
592,Yetzone 1000mg Injection,₹57,vial of 1 Injection,Vibcare Pharma Pvt Ltd,Ceftriaxone (1000mg)
593,Yodec 25mg Injection,₹70,vial of 1 Injection,Ani Healthcare Pvt Ltd,Nandrolone Decanoate (25mg)
594,Yaracoxia 90mg Tablet,₹98,strip of 10 tablets,Jayden Healthcare Pvt. Ltd.,Etoricoxib (90mg)
595,Yoxtin 20mg Capsule,₹28,strip of 10 capsules,Nidus Pharma Pvt Ltd,Fluoxetine (20mg)
596,Yanic Syrup,₹35,bottle of 15 ml Syrup,Ascent Therapeuticals,Azithromycin (100mg)
597,Yewcet 10mg Tablet,₹19,strip of 10 tablets,Yew Lifesciences,Cetirizine (10mg)
598,Yevozen DS 100mg Dry Syrup,₹55,bottle of 30 ml Dry Syrup,Glacia Life Care,Cefixime (100mg/5ml)
599,Yevozen S 500mg/250mg Injection,₹78,vial of 1 Injection,Glacia Life Care,Ceftriaxone (500mg) + Sulbactam (250mg)
600,Ykuf M Syrup,₹65,bottle of 100 ml Syrup,Yodley Life Sciences Private Limited,Bromhexine (4mg) + Guaifenesin (50mg) + Menthol (2.5mg) + Terbutaline (1.25mg)
601,Yoxacin 200 Tablet,₹52,strip of 10 tablets,Barlis Lifesciences Pvt Ltd,Ofloxacin (200mg)
602,Yevozen DS 100mg Dry Syrup,₹55,bottle of 30 ml Dry Syrup,Glacia Life Care,Cefixime (100mg/5ml)
603,Yevozen S 500mg/250mg Injection,₹78,vial of 1 Injection,Glacia Life Care,Ceftriaxone (500mg) + Sulbactam (250mg)
604,Ytral 200mg Capsule,₹139,strip of 4 capsules,Blismed Pharmaceuticals Pvt. Ltd,Itraconazole (200mg)
605,Yevozith 500 Tablet,₹65,strip of 3 tablets,Glacia Life Care,Azithromycin (500mg)
606,Ysacef 100mg Dry Syrup,₹62.5,bottle of 30 ml Dry Syrup,Arkle Healthcare Pvt Ltd,Cefixime (100mg)
607,Yorab D 30mg/20mg Capsule SR,₹105,strip of 10 capsule sr,Ani Healthcare Pvt Ltd,Domperidone (30mg) + Rabeprazole (20mg)
608,Yococef OF 200mg/200mg Tablet,₹198,strip of 10 tablets,Smayan Healthcare Pvt Ltd,Cefpodoxime Proxetil (200mg) + Ofloxacin (200mg)
609,Ysetxim OZ 200mg/500mg Tablet,₹172,strip of 10 tablets,Atyad Life Sciences Pvt Ltd,Cefixime (200mg) + Ornidazole (500mg)
610,Yorizole I 6mg/400mg Tablet,₹18,strip of 1 Tablet,Roseate Medicare,Ivermectin  (6mg) +  Albendazole (400mg)
611,Yorirab D 30mg/20mg Capsule SR,₹92,strip of 10 capsule sr,Roseate Medicare,Domperidone (30mg) + Rabeprazole (20mg)
612,Ysetcef 50mg Dry Syrup,₹62,bottle of 30 ml Dry Syrup,Atyad Life Sciences Pvt Ltd,Cefpodoxime Proxetil (50mg)
613,Ysetxim 50mg Dry Syrup,₹42,bottle of 30 ml Dry Syrup,Atyad Life Sciences Pvt Ltd,Cefixime (50mg)
614,Yuvigest 200mg Injection,₹169,vial of 1 Injection,Yuventis Pharmaceuticals,Progesterone (200mg)
615,Yorkee Forte 1000mg/500mg Injection,₹110,vial of 1 Injection,Somkee India Private Limited,Ceftriaxone (1000mg) + Sulbactam (500mg)
616,Yevoclav Dry Syrup,₹65,bottle of 30 ml Dry Syrup,Glacia Life Care,Amoxycillin  (200mg/5ml) +  Clavulanic Acid (28.5mg/5ml)
617,Yevon 2mg Oral Suspension,₹34,bottle of 30 ml Oral Suspension,Glacia Life Care,Ondansetron (2mg/5ml)
618,Yevomin 1500mcg Injection,₹80,vial of 2 ml Injection,Glacia Life Care,Methylcobalamin (1500mcg)
619,Yefur 250 Tablet,₹225,strip of 10 tablets,Lucida Pharmaceuticals Pvt Ltd,Cefuroxime (250mg)
620,Yevozith A 500mg/30mg Tablet,₹93,strip of 3 tablets,Glacia Life Care,Azithromycin (500mg) + Ambroxol (30mg)
621,Youpod 50mg Dry Syrup,₹70,bottle of 30 ml Dry Syrup,Yuventis Pharmaceuticals,Cefpodoxime Proxetil (50mg)
622,Yoflox 400mg Tablet,₹83.65,strip of 10 tablets,Triton Healthcare Pvt Ltd,Ofloxacin (400mg)
623,Yaniclox Cfp 200mg/500mg Tablet,₹280,strip of 10 tablets,Smayan Healthcare Pvt Ltd,Cefpodoxime Proxetil (200mg) + Dicloxacillin (500mg)
624,Yonikast LC Syrup,₹95,bottle of 60 ml Syrup,Smayan Healthcare Pvt Ltd,Levocetirizine (2.5mg) + Montelukast (4mg)
625,Yocoflu 150mg Tablet,₹11.5,strip of 1 Tablet,Smayan Healthcare Pvt Ltd,Fluconazole (150mg)
626,Yanipreg 200mg Soft Gelatin Capsule,₹285,strip of 10 soft gelatin capsules,Smayan Healthcare Pvt Ltd,Progesterone (Natural Micronized) (200mg)
627,Yonireb 20mg Tablet,₹58,strip of 10 tablets,Smayan Healthcare Pvt Ltd,Rabeprazole (20mg)
628,Yoridine 5% Ointment,₹39,tube of 20 gm Ointment,Roseate Medicare,Povidone Iodine (5% w/w)
629,Yorimeth 1500mcg Injection,₹45,vial of 2 ml Injection,Roseate Medicare,Methylcobalamin (1500mcg)
630,Yamnac-T Tablet,₹164,strip of 10 tablets,Reqwell Pharma,Aceclofenac (100mg) + Thiocolchicoside (4mg)
631,Yamnac-MR Tablet,₹69,strip of 10 tablets,Reqwell Pharma,Aceclofenac (100mg) + Paracetamol (325mg) + Chlorzoxazone (250mg)
632,Yoridine 5% Ointment,₹39,tube of 20 gm Ointment,Roseate Medicare,Povidone Iodine (5% w/w)
633,Yoncef 250mg/125mg Injection,₹45,vial of 1 Powder for Injection,Purewin Labs Pvt Ltd,Ceftriaxone (250mg) + Sulbactam (125mg)
634,Yoncef 1000mg/500mg Injection,₹125,vial of 1 Powder for Injection,Purewin Labs Pvt Ltd,Ceftriaxone (1000mg) + Sulbactam (500mg)
635,Yofix AZ 200mg/250mg Tablet,₹188.5,strip of 10 tablets,Mathis Pharma,Cefixime (200mg) + Azithromycin (250mg)
636,Yonim P 100mg/325mg Tablet,₹38.5,strip of 10 tablets,Mathis Pharma,Nimesulide (100mg) + Paracetamol (325mg)
637,Yococef 50mg Dry Syrup,₹75,bottle of 30 ml Dry Syrup,Smayan Healthcare Pvt Ltd,Cefpodoxime Proxetil (50mg)
638,Yococef 200mg Tablet DT,₹210,strip of 10 tablet dt,Smayan Healthcare Pvt Ltd,Cefpodoxime Proxetil (200mg)
639,Yourflox SB 250mg/125mg Injection,₹49,vial of 1 Injection,Atyad Life Sciences Pvt Ltd,Ceftriaxone (250mg) + Sulbactam (125mg)
640,Yocofate Oxt Syrup,₹165,bottle of 200 ml Syrup,Smayan Healthcare Pvt Ltd,Sucralfate (1000mg/10ml) + Oxetacaine (20mg/10ml)
641,Yourclox Dry Syrup,₹48,bottle of 30 ml Dry Syrup,Atyad Life Sciences Pvt Ltd,Amoxycillin  (200mg) +  Clavulanic Acid (28.5mg)
642,Yewloc 10mg Tablet,₹43.9,strip of 10 tablets,Yew Lifesciences,Amlodipine (10mg)
643,Yewloc 5mg Tablet,₹32.1,strip of 10 tablets,Yew Lifesciences,Amlodipine (5mg)
644,YBZ Suspension,₹25,bottle of 15 ml Suspension,Nuclear Pharmaceuticals Pvt Ltd,Albendazole (400mg)
645,Yewbrain 800mg Tablet,₹79.5,strip of 10 tablets,Yew Lifesciences,Piracetam (800mg)
646,Yonice P 100mg/325mg Tablet,₹35,strip of 10 tablets,Aviotic Healthcare Pvt. Ltd.,Nimesulide (100mg) + Paracetamol (325mg)
647,Yesthox 250mg Tablet,₹71.2,strip of 6 tablets,Biochemix Health Care Pvt. Ltd.,Azithromycin (250mg)
648,Yonflox 200mg Tablet,₹39,strip of 10 tablets,Techyon Biotech Pvt Ltd,Ofloxacin (200mg)
649,Yozith 250mg Tablet,₹73.36,strip of 6 tablets,Triton Healthcare Pvt Ltd,Azithromycin (250mg)
650,Yoflox 200mg Tablet,₹75.25,strip of 10 tablets,Triton Healthcare Pvt Ltd,Ofloxacin (200mg)
651,Yoor 500mg Tablet,₹16,strip of 10 tablets,Glanto Pharmaceuticals,Metformin (500mg)
652,Yamika 500mg Injection,₹52,vial of 1 Injection,Amray Healthcare,Amikacin (500mg)
653,Yinka 500mg Injection,₹48,vial of 1 Injection,Panm Labs India,Amikacin (500mg)
654,Yevoclav Plus Dry Syrup,₹110,bottle of 30 ml Dry Syrup,Glacia Life Care,Amoxycillin  (400mg/5ml) +  Clavulanic Acid (57mg/5ml)
655,Yevolid 600mg Tablet,₹320,strip of 4 tablets,Glacia Life Care,Linezolid (600mg)
656,Yocoset 2mg Injection,₹15,vial of 1 Injection,Smayan Healthcare Pvt Ltd,Ondansetron (2mg)
657,Yuvicef-X Injection,₹76,vial of 1 Injection,Vindcare Lifesciences,Ceftriaxone (1000mg)
658,Ytral 100mg Capsule,₹89,strip of 4 capsules,Blismed Pharmaceuticals Pvt. Ltd,Itraconazole (100mg)
659,Yuvicold Syrup,₹67,bottle of 60 ml Syrup,Mednic Healthcare,Chlorpheniramine Maleate (2mg/5ml) + Paracetamol (125mg/5ml) + Phenylephrine (2.5mg/5ml)
660,Yaxodase 10mg Tablet,₹55,strip of 10 tablets,Yaxon BioCare Pvt Ltd,Serratiopeptidase (10mg)
661,Yofix 100mg Tablet,₹76.5,strip of 10 tablets,Mathis Pharma,Cefixime (100mg)
662,Yuviclav 1000mg/200mg Injection,₹138,vial of 1 Injection,Yuventis Pharmaceuticals,Amoxycillin  (1000mg) +  Clavulanic Acid (200mg)
663,Yevoclav 1000mg/200mg Injection,₹125,vial of 1 Injection,Glacia Life Care,Amoxycillin  (1000mg) +  Clavulanic Acid (200mg)
664,Yorkee 100mg Tablet DT,₹99,strip of 10 tablet dt,Somkee India Private Limited,Cefpodoxime Proxetil (100mg)
665,Yuvpar M Oral Suspension,₹42,bottle of 60 ml Oral Suspension,Yuventis Pharmaceuticals,Mefenamic Acid (50mg) + Paracetamol (125mg)
666,Yorker 500mg/600mg Tablet,₹75,strip of 10 tablets,Arvind Laboratories Pvt Ltd,Ciprofloxacin (500mg) + Tinidazole (600mg)
667,Yetacef 50 Dry Syrup,₹47.7,bottle of 30 ml Oral Suspension,Healthtree Pharma (India) Private Limited,Cefixime (50mg)
668,Yewflo 500mg Tablet,₹85,strip of 10 tablets,Yew Lifesciences,Levofloxacin (500mg)
669,Yazone 1000mg Injection,₹68,vial of 1 Injection,Silhos Pharma Ltd,Ceftriaxone (1000mg)
670,Yoxolin 4000mg/500mg Injection,₹446,vial of 1 Injection,Barlis Lifesciences Pvt Ltd,Piperacillin (4000mg) + Tazobactum (500mg)
671,Yomiyel 4mg Tablet,₹39,strip of 10 tablets,Staunch Health Care Pvt Ltd,Ondansetron (4mg)
672,Yuvicef 3gm Injection,₹132,vial of 1 Injection,Vindcare Lifesciences,Ceftriaxone (2000mg) + Sulbactam (1000mg)
673,Youpod 100mg Dry Syrup,₹120,bottle of 30 ml Dry Syrup,Yuventis Pharmaceuticals,Cefpodoxime Proxetil (100mg)
